"sujet_id","sujet","auteur","date","message","url"
3781,"Employeur public - mise en dispense d'activité et procédure de rupture conventionnelle","Eneroll","2026-06-25T18:05:51.821Z","Suite à ma demande de rupture conventionnelle , pour motif personnel, mon employeur, établissement public administratif, a suivi la procédure jusqu’à un certain point. En effet, es textes qui régissent mon statut prévoient que, dans le délai de 2 mois suivant l’entretien entre le salarié demandeur et l’employeur, une réponse écrite doit être adressée au salarié : soit le refus, soit le projet de convention en cas d’accord. Au terme des 2 mois après l’entretien, l’employeur ne m’a adressé ni l’un, ni l’autre. J’ai reçu en main propre un courrier me notifiant une « réponse favorable à ma demande de dispense d’activité dans le cadre de la procédure de rupture conventionnelle en cours », mentionnant explicitement « le maintien de la rémunération jusqu’à la date de fin de contrat ». Or, malgré mes relances répétées, depuis la réception de ce courrier, seule position écrite obtenue à ce jour de mon employeur, c’est « silence radio ». Oralement, il m’a été dit que ma demande serait finalement refusée. Or, le refus doit être notifié par écrit. Il se trouve que par ailleurs, un plan de restructuration impliquant des suppressions de postes est en cours, et que mon poste figure sur la liste des postes supprimés. Mais là encore, incohérence : je suis le seul agent dont le poste est présent sur cette liste à ne pas faire l’objet d’une convocation à l’entretien préalable à un possible licenciement. L’employeur a indiqué en réunion du CSE, en réponse à une question concernant la présence de mon poste sur la liste, qu’il s’agit pour ce poste d’un « départ volontaire ». Il y a donc une contradiction apparente entre l’intention affichée et le comportement effectif de l’employeur qui semble faire des revirements. Et pourquoi parler de départ volontaire si ce n’est dans le cadre d’une rupture puisqu’aucune intention de démission n’a été formulée de ma part ? Cette situation d’incertitude prolongée (6 mois que j’ai fait ma demande initiale et 3 mois que le courrier « d’avis favorable » m’a été remis) n’est pas sans conséquences (préjudices personnel, moral, et professionnel). Mon souhait est celui d’une sortie « accompagnée » (rupture ou licenciement ou autre sortie négociée). A ce jour, en l’absence de réponse de l’employeur à mes courriers, je considère que je suis en dispense d’activité. Suis-je en tord sur ce dernier point (ou couverte par le courrier d’avis favorable à ma demande de dispense, quand bien même je n’ai pas fait cette demande, et en l’absence de toute autre notification reçue) ? Et d’autre part quels pourraient être mes leviers pour obtenir de l’employeur une poursuite de la procédure, qu’il a lui-même indiqué dans son courrier comme étant « en cours » avec une mesure de dispense valable « jusqu’à la date de fin de contrat »? Merci de votre attention et par avance, de vos réponses !","https://forum.juritravail.com/t/employeur-public-mise-en-dispense-dactivite-et-procedure-de-rupture-conventionnelle/3781"
3781,"Employeur public - mise en dispense d'activité et procédure de rupture conventionnelle","Camille_JT","2026-06-29T13:59:40.202Z","Bonjour Eneroll , Votre question est restée sans réponse sur le forum. Vous pouvez consulter un avocat pour obtenir une réponse fiable. Trois options s’offrent à vous : mise en relation immédiate par téléphone , en appelant notre équipe au 01 75 75 80 08 prise de rendez-vous avec un avocat de l’annuaire, en filtrant par domaine de droit, ville, département ou région : Avocat Droit du travail : 3297 avocats disponibles. demande de devis gratuits d’ avocats sous 48h , via ce formulaire . En espérant que cela puisse vous aider à trouver une solution. Cordialement, Camille Levé","https://forum.juritravail.com/t/employeur-public-mise-en-dispense-dactivite-et-procedure-de-rupture-conventionnelle/3781"
2781,"Prud'hommes harcèlement au travail","Pritch86","2026-01-25T13:37:21.301Z","Bonjour, Suite à plusieurs épisodes de harcèlement au travail (par des collègues et des supérieurs), j’ai demandé une rupture conventionnelle après seulement 8 mois d’ancienneté. Ma demande a été acceptée et je suis donc au chômage depuis Février 2025. Seulement, mon plus gros regret est de ne pas avoir saisi les prud’hommes. Car cela m’aurait permis de garder mon emploi, de remettre à leurs places certaines personnes et aussi de mieux négocier ma transition vers un autre poste. Car oui, je ne comptais rester sur le long terme dans cette société. Est-il possible 1 an après les faits d’intenter une action aux prud’hommes ? Sachant que j’ai quelques éléments de preuves (mail, conversation sur chat…) et une visite chez la médecine du travail afin de trouver une solution pour faire cesser le harcèlement. Tout en sachant que ces derniers ne m’ont pas été d’une grande aide… En vous remerciant pour votre réponses","https://forum.juritravail.com/t/prudhommes-harcelement-au-travail/2781"
2781,"Prud'hommes harcèlement au travail","Math64","2026-01-25T15:25:04.705Z","Bonjour, Oui, vous pouvez saisir le conseil de prud’hommes environ un an après les faits allégués, car l’action liée au harcèlement moral se prescrit en principe sur 5 ans (point de départ apprécié à partir des derniers agissements). En revanche, si vous voulez aussi contester la rupture conventionnelle (RC), il faut agir vite : le délai est de 12 mois à compter de l’homologation. 1) Ce qui bloque le plus souvent : la preuve En pratique, le harcèlement moral est difficile à faire reconnaître, surtout quand les faits sont surtout verbaux, diffus, et sans témoins.​ Les juges attendent généralement un “faisceau” d’éléments concordants : mails/messages (Teams/Slack/chat), comptes rendus, alertes à la hiérarchie, traces d’isolement ou de dénigrement, certificats/arrêts de travail, et idéalement des attestations. Or, les témoins hésitent souvent à s’exposer (peur de représailles, loyauté, crainte de “se griller”), ce qui fragilise beaucoup les dossiers.​ 2) Ce que vous pouvez demander au juge Avant d’agir, il faut clarifier votre objectif : obtenir une indemnisation pour harcèlement (et/ou manquement de l’employeur), ou tenter d’attaquer la RC elle-même.​ Sur la RC, votre prudence est justifiée : même si un harcèlement est établi, cela n’annule pas automatiquement la rupture ; il faut démontrer un vice du consentement (contrainte/violence morale au moment de la signature), ce qui est rarement simple. Et plus la RC apparaît comme “demandée” ou “acceptée” calmement (échanges, délai de réflexion, absence d’alerte formalisée proche de la signature), plus la contestation devient compliquée.​ 3) Une approche souvent plus efficace Quand les preuves sont “justes” (quelques messages, une visite médecine du travail, mais peu de témoins), une stratégie plus réaliste peut être de viser d’abord une discussion encadrée (courrier structuré, demande de réparation) plutôt qu’un contentieux long et incertain.​ Et si vous envisagez malgré tout le prud’hommes, le bon réflexe est de faire auditer vos pièces (chronologie + preuves) par un professionnel avant de vous lancer, pour éviter une procédure coûteuse et éprouvante.​ Si vous le souhaitez, dites-moi simplement : (1) la date d’homologation de la RC (2) la nature exacte des preuves écrites (combien, sur quelle période) (3) si au moins une personne accepterait de témoigner.","https://forum.juritravail.com/t/prudhommes-harcelement-au-travail/2781"
2781,"Prud'hommes harcèlement au travail","Pritch86","2026-01-25T17:51:55.188Z","Bonjour et merci pour votre réponse Math64, Pour vous répondre, La date d’ homologation de la RC est le 15/02/2025. Donc, en théorie je suis dans les temps. Les preuves sont au nombre de 4, à savoir deux mails, une discussion chat et une visite chez la médecine du travail par rapport au motif correspondant. Mais j’aurais pu en avoir beaucoup plus si j’avais fais une extraction de ma boite mail professionnelle (mails de plaintes auprès de ma responsable, mail/discussion de propos malveillant/disproportionnés…). Personne n’accepterait de témoigner. Car trop de craintes vis à vis de la direction.","https://forum.juritravail.com/t/prudhommes-harcelement-au-travail/2781"
2781,"Prud'hommes harcèlement au travail","Math64","2026-01-25T19:34:08.133Z","Vous êtes bien dans les délais pour contester la rupture conventionnelle (homologation le 15/02/2025) : l’action doit être engagée dans les 12 mois, donc avant le 15/02/2026.​ Pour le harcèlement moral, le point central reste la preuve : vous devez apporter des éléments laissant présumer le harcèlement , puis l’employeur doit s’expliquer.​ En pratique, avec 4 pièces (2 mails, 1 chat, 1 démarche médecine du travail) et aucun témoin , le dossier est souvent fragile, car l’élément médical aide mais ne suffit généralement pas seul.​ Sur l’éventuelle contestation de la RC : même s’il y a harcèlement, cela n’annule pas automatiquement la RC ; il faut démontrer un vice du consentement au moment de signer, ce qui est difficile, surtout si la RC a été demandée par vous.​ Votre meilleure marge de manœuvre est donc de renforcer le dossier si vous pouvez récupérer d’autres écrits professionnels (plaintes, propos disproportionnés, alertes), car ce type de traces pèse fortement.​ Avant d’agir, clarifiez votre objectif : indemnisation pour harcèlement/manquement de l’employeur, annulation de la RC, ou les deux.​ Si vous visez l’annulation de la RC, il faut agir très vite (avant le 15/02/2026).​ Trois points à vérifier : 1 avez-vous un écrit exploitable de la médecine du travail 2 vos messages montrent-ils des faits répétés et dégradants (pas seulement un conflit) 3 - pouvez-vous encore récupérer légalement d’autres échanges datés ?","https://forum.juritravail.com/t/prudhommes-harcelement-au-travail/2781"
2781,"Prud'hommes harcèlement au travail","Pritch86","2026-01-25T19:59:10.466Z","Après je ne veux pas forcément contester la RC dans la mesure où c’est moi qui l’ai demandé. Mais il est vrai que cela ne m’arrangeais pas de quitter l’entreprise après seulement 8 mois d’ancienneté. 1/ Pour la médecine du travail, je ne sais pas car le médecin n’avait pas voulu intervenir auprès de l’entreprise. D’ailleurs, je les ai trouvé un peu “molasson” à mon sujet. Je vais les voir demain pour avoir un compte rendu. 2/ Oui tout à fait, mais le hic c’est que ce mail je l’avais préparer/rédiger la veille pour l’envoyer sur ma boite perso de l’entreprise. Ensuite l’idée était de l’envoyer à ma responsable. Quid de sa valeur. 3/ Légalement, je ne sais pas car cela fait un an que j’ai quitter l’entreprise. Et je n’ai plus accès à ma boite perso. Après, je pourrais demander à certains collègues de faire des captures d’écran du chat de l’entreprise. L’antériorité de message est de deux ans je crois.","https://forum.juritravail.com/t/prudhommes-harcelement-au-travail/2781"
2781,"Prud'hommes harcèlement au travail","Pritch86","2026-01-25T20:38:41.615Z","Après, je pourrais tenter autre chose. Etant en recherche de travail, j’ai été sollicité par des cabinets de recrutement. Ces derniers m’ont demandé des références notamment par rapport à mes précédents emplois. A chaque fois, j’ai donné le nom de la responsable de l’entreprise où j’ai été harcelé. Je pourrais envoyer un mail à ma responsable et à directeur général du site pour les avertir d’une prise de référence. Evidement, je mentionnerai aussi le harcèlement dont j’ai été victime tout en ayant encaisser sans broncher. C’est d’ailleurs pour cela que j’ai quitter leur entreprise (et ils le savent). En conséquence, ils ne pourraient ment pas se permettre de me discréditer sur une prise de référence. Et peut-être que ce mail pourrait être une autre pièce maitresse dans mon dossier. A condition bien sur qu’ils nient pas les faits. A voir.","https://forum.juritravail.com/t/prudhommes-harcelement-au-travail/2781"
2781,"Prud'hommes harcèlement au travail","Math64","2026-01-25T23:15:32.282Z","Au vu de ce que vous décrivez, le réflexe le plus utile maintenant n’est pas de “foncer au prud’hommes”, mais de construire un dossier solide et cohérent , puis de le faire relire par une permanence juridique (idéalement syndicale). Avec 4 pièces et aucun témoin, votre dossier paraît en effet assez léger sur le plan probatoire , et c’est souvent là que les demandes échouent. Concrètement, je vous conseille de faire simple et méthodique : 1. Regrouper et classer vos preuves Faites une chronologie très factuelle (dates, faits, auteurs, témoins éventuels, conséquences). Classez vos pièces par thème : mails, échanges chat, démarches (médecine du travail), impacts sur la santé, alertes à la hiérarchie. Pour chaque pièce, notez en 2 lignes : “ce que ça prouve” et “à quelle date”. 2. Consolider avec la médecine du travail Demandez demain tout ce qui est possible : attestation de visite , éléments écrits, préconisations, ou au minimum une trace indiquant le motif (“souffrance au travail”, “difficultés relationnelles”, etc.). Même si le médecin n’a pas “intervenu”, le fait que vous ayez consulté peut appuyer votre récit. 3. Éviter les preuves fragiles ou risquées Les captures d’écran faites par des collègues peuvent être contestées (confidentialité, intégrité, contexte). Si vous obtenez des échanges, l’idéal est de pouvoir en démontrer l’authenticité et la date, sans mettre vos collègues en difficulté. 4. Faire “viser” le dossier avant toute action Une permanence juridique (maison de justice et du droit, point-justice, ou permanence syndicale) pourra vous dire rapidement : si vos éléments suffisent à créer une présomption crédible, quels manques sont vraiment bloquants, et quelle stratégie est la plus réaliste (amiable, action ciblée, ou renoncement).","https://forum.juritravail.com/t/prudhommes-harcelement-au-travail/2781"
2781,"Prud'hommes harcèlement au travail","Isadore","2026-01-26T10:01:28.477Z","Bonjour, En complément des excellentes réponses de Math64, j’attire votre attention sur le risque d’une procédure abusive. En perdant vous risqueriez de devoir payer les frais de justice de votre ancien employeur et de l’indemniser. Ce n’est pas une démarche neutre.","https://forum.juritravail.com/t/prudhommes-harcelement-au-travail/2781"
2781,"Prud'hommes harcèlement au travail","Nadegexxxx","2026-05-31T19:24:10.951Z","Bonjoiur je me permets de vous écrire car je traverse une situation similaire au travail (8 mois d’ancienneté, harcèlement rétrogradation abusive suite à refus de RC, arrêt maladie…) j’aimerais vous demander ou est ce que vous en êtes dans vos démarches quelques mois après ? merci :à","https://forum.juritravail.com/t/prudhommes-harcelement-au-travail/2781"
3592,"Entrée en vigueur nouvelle loi rupture conventionnelle","T59","2026-05-27T09:42:18.313Z","Les nouvelles règles qui s’appliqueront pour les ruptures conventionnelles vont-elle impacter ceux qui sont actuellement dans ce dispositif ? Vont-elles au contraire s’appliquer seulement à ceux qui signent une rupture conventionnelle à partir du mois de Septembre ? Merci par avance pour vos informations.","https://forum.juritravail.com/t/entree-en-vigueur-nouvelle-loi-rupture-conventionnelle/3592"
3592,"Entrée en vigueur nouvelle loi rupture conventionnelle","milou27","2026-05-27T09:53:29.889Z","Bonjour Les nouvelles règles s’appliqueront aux RC conclues après la parution de la nouvelle loi (pas d’effet rétroactif)","https://forum.juritravail.com/t/entree-en-vigueur-nouvelle-loi-rupture-conventionnelle/3592"
3582,"Démission présumée après congé maternité","Iris","2026-05-26T08:47:43.951Z","Bonjour je suis hôtesse d’accueil et voici ma situation:Le 29 janvier 2026 — J’ai envoyé une demande de rupture conventionnelle à mon employeur avant la fin de mon congé mat, en raison de l’absence de solution de garde pour mon bébé de 4 mois et de l’hospitalisation de mon mari. Le 3 et 23 mars 2026 — Deux relances envoyées, toutes restées sans réponse. Le 2 avril 2026 — Mon employeur m’envoie une mise en demeure de reprendre mon poste ou de justifier mon absence, ignorant totalement ma demande. Avant le 20 avril 2026 — J’ai répondu en expliquant mes motifs légitimes (hospitalisation du mari, absence de garde). 11 mai 2026 — Mon employeur prononce une démission présumée avec un préavis jusqu’au 19 mai. Le même jour, j’ai contesté cette décision par écrit, en rappelant mes motifs légitimes, ma demande ignorée et ma protection légale post-maternité. Le 19 mai 2026 — Fin du contrat. Aucun document de fin de contrat reçu (certificat de travail, attestation France Travail, solde de tout compte). Depuis le 19 mai plusieurs mails envoyés sans aucune réponse. Nous sommes aujourd’hui au 6ème jour de retard. Mes questions : Ma demande ignorée peut-elle être un argument juridique ?Puis-je contester la décision compte tenu de mes motifs légitimes et de ma protection post-maternité ?Quels recours ai-je pour obtenir mes documents de fin de contrat? Merci d’avance pour vos conseils","https://forum.juritravail.com/t/demission-presumee-apres-conge-maternite/3582"
3582,"Démission présumée après congé maternité","amatjuris","2026-05-26T10:27:50.478Z","bonjour, aviez-vous eu avec votre employeur des entretiens préalables à votre demande de rupture conventionnelle comme l’indique, l’article L1237-12 du code du travail ? Salutations","https://forum.juritravail.com/t/demission-presumee-apres-conge-maternite/3582"
3582,"Démission présumée après congé maternité","Math64","2026-05-26T11:44:15.338Z","Bonjour, À quelle date deviez-vous répondre? Avez-vous repris à cette date ?","https://forum.juritravail.com/t/demission-presumee-apres-conge-maternite/3582"
3582,"Démission présumée après congé maternité","Iris","2026-05-26T12:23:57.478Z","Non je n’ai pas pu avoir d’entretien avec mon employeur.","https://forum.juritravail.com/t/demission-presumee-apres-conge-maternite/3582"
3582,"Démission présumée après congé maternité","Iris","2026-05-26T12:24:59.693Z","Le 07 Février et je n’ai pas repris j’ai eu un arrêt maladie.","https://forum.juritravail.com/t/demission-presumee-apres-conge-maternite/3582"
3582,"Démission présumée après congé maternité","preventeure","2026-05-26T13:26:49.122Z","L’ employeur n’a aucune obligation a répondre à une demande de RC Iris: J’ai envoyé une demande de rupture conventionnelle à mon employeur avant la fin de mon congé mat, en raison de l’absence de solution de garde pour mon bébé de 4 mois et de l’hospitalisation de mon mari.","https://forum.juritravail.com/t/demission-presumee-apres-conge-maternite/3582"
3582,"Démission présumée après congé maternité","Isadore","2026-05-26T15:03:04.901Z","Bonjour, Si vous avez abandonné votre poste, il ne servait à rien de simplement contester la démission présumée par courrier. Il fallait reprendre votre poste ou justifier d’un cas de force majeure. L’absence de solution de garde pour votre enfant n’est pas un motif justifiant un abandon de poste car vous avez eu plusieurs semaines pour trouver quelque chose. La protection concerne le licenciement, pas la démission . Voyez un avocat pour voir s’il est envisageable de faire requalifier la démission en licenciement, mais je suis peu optimiste. Notez que même si l’on considère que l’absence de solution de garde pour votre bébé est un motif légitime il ne suffit pas de l’affirmer dans une lettre. Il faut justifier de vos recherche actives d’une place en crèche, chez un assistant maternel ou d’un garde d’enfant à domicile. Je suppose que vous n’aviez joint aucun justificatif à votre lettre, mais a minima pouvez-vous prouver vos démarches : petites annonces pour embaucher une personne à domicile, demande de place en crèche et sollication d’assistants maternels ?","https://forum.juritravail.com/t/demission-presumee-apres-conge-maternite/3582"
3582,"Démission présumée après congé maternité","Math64","2026-05-26T17:48:49.740Z","Bonjour, Si vous avez eu un arrêt de travail et que vous l’avez transmis dans les temps, je ne comprends pas comment l’employeur a pu vous considérer en absence injustifiée. Là, clairement, pour pouvoir vous répondre, il nous faut un historique daté des faits de manière chronologique depuis le départ en congé maternité . Sans cela, nul ne saurait vous répondre correctement.","https://forum.juritravail.com/t/demission-presumee-apres-conge-maternite/3582"
3493,"Rupture conventionnelle convention collective 66","Dokstry","2026-05-13T14:07:45.717Z","Bonjour, Salarié sous convention collective 66 , je souhaiterais une rupture conventionnelle . Mon ancienneté est de 30 ans..salaires bruts des 12 derniers mois 4162,56. Comment calculer svp merci","https://forum.juritravail.com/t/rupture-conventionnelle-convention-collective-66/3493"
3493,"Rupture conventionnelle convention collective 66","Math64","2026-05-13T21:28:05.912Z","Dokstry: Salarié sous convention collective 66 , je souhaiterais une rupture conventionnelle . Mon ancienneté est de 30 ans..salaires bruts des 12 derniers mois 4162,56. Comment calculer svp merci Bonjour, Le principe est de toujours retenir le montant le plus favorable entre l’indemnité légale et l’indemnité conventionnelle. Le salaire de référence à utiliser est la moyenne la plus avantageuse entre les 12 ou 3 derniers mois de salaire. Si vous êtes employé ou non-cadre : Selon l’ article 17 de la CCN 66 , l’indemnité est d’un demi-mois de salaire par année d’ancienneté, mais elle est plafonnée à 6 mois de salaire maximum. Ce plafond rend la convention moins avantageuse pour 30 ans d’ancienneté. C’est donc le barème légal ( Code du travail , art. L. 1237-13 et R. 1234-2 ) qui s’applique : 1/4 de mois jusqu’à 10 ans, puis 1/3 de mois au-delà. Votre indemnité minimale garantie sera d’environ 38 156,80 € . Si vous êtes cadre ou directeur : L’ article 17 de la CCN 66 précise que ce plafond de 6 mois s’applique « sauf dispositions particulières aux cadres ». Ces dispositions (prévues dans les annexes de la convention) portent l’indemnité à 1 mois par an, avec un plafond repoussé à 12 mois (cadre) ou 18 mois (directeur). C’est donc le calcul conventionnel qui s’applique ici car il vous est plus favorable. Votre indemnité minimale sera d’environ 49 950,72 € (statut cadre) ou 74 926,08 € (statut directeur).","https://forum.juritravail.com/t/rupture-conventionnelle-convention-collective-66/3493"
3493,"Rupture conventionnelle convention collective 66","Dokstry","2026-05-14T02:26:42.824Z","Si pour une ancienneté de 29 ans et 10 mois comment calculer les 10 mois svp","https://forum.juritravail.com/t/rupture-conventionnelle-convention-collective-66/3493"
3493,"Rupture conventionnelle convention collective 66","Math64","2026-05-14T06:04:14.616Z","Bonjour, Pour un calcul plus précis: Code du travail numérique Simulateur - Calcul de l'indemnité de rupture conventionnelle Vous souhaitez calculer le montant de l'indemnité de rupture conventionnelle ? Notre simulateur vous apporte une réponse personnalisée.","https://forum.juritravail.com/t/rupture-conventionnelle-convention-collective-66/3493"
3391,"Baisse d’activité de 70% et rendez-vous à 3 contre 1 : La Rupture Conventionnelle est-elle la solution ?","devi16","2026-04-25T12:44:58.729Z","Bonjour à tous, Je sollicite votre aide car je suis dans une situation de blocage total et je stresse énormément. J’ai un rendez-vous la semaine prochaine où je serai seule face à trois responsables de mon entreprise (le Gérant, la Directrice et la Responsable Pédagogique). Ma situation : Je suis formatrice en CDI (statut intermittent) depuis 2 ans et demi. Mon contrat de travail prévoit un minimum garanti de 220h/an . L’année dernière, j’ai signé un document officiel de répartition pour 528h de face-à-face pédagogique . Dans les faits, j’ai réalisé plus de 600h totales sur l’année. Le document que j’ai signé stipule précisément : « En acceptant de dispenser les enseignements des modules présentés ci-dessus, je m’engage à respecter les volumes qui leur sont affectés ainsi que le planning mis en place lors de la journée prévue à cet effet. Toute modification devra faire l’objet d’un accord préalable de la direction. » Le problème : Pour la rentrée, on me demande de signer un nouveau planning de seulement 192h . C’est une baisse de plus de 60% par rapport à mon activité réelle, et c’est surtout un volume inférieur à mon minimum contractuel de 220h . Ma question sur la stratégie à adopter : Face à ce rendez-vous qui m’angoisse beaucoup, je ne sais pas comment réagir. Pensez-vous qu’il soit judicieux que je leur propose une rupture conventionnelle pour débloquer le problème ? Est-ce que cela « vaut le coup » dans ma situation ou est-ce que je risque de perdre mes droits ? L’employeur peut-il m’obliger à signer pour 192h alors que c’est hors contrat ? Comment rester ferme face à trois personnes quand on est à bout de nerfs ? Que feriez-vous à ma place pour sortir de cette impasse proprement ? Je vous remercie énormément pour le temps que vous consacrez à me répondre. Vos avis me sont précieux pour m’aider à y voir plus clair.","https://forum.juritravail.com/t/baisse-d-activite-de-70-et-rendez-vous-a-3-contre-1-la-rupture-conventionnelle-est-elle-la-solution/3391"
3391,"Baisse d’activité de 70% et rendez-vous à 3 contre 1 : La Rupture Conventionnelle est-elle la solution ?","FD","2026-04-26T04:05:49.979Z","Bonjour, Apparemment à lire votre exposé, votre entreprise n’aurai plus la capacité de vous fournir assez d’heures en rapport avec votre contrat de travail . Dans un contexte économique l’employeur a pouvoir de réduire les heures d’un ou plusieurs salarié en suivant les textes de lois s’y afférent. Je cite: *L’employeur est tenu d’informer individuellement chaque salarié de sa proposition de modification du contrat par lettre recommandée avec accusé de réception. Il doit préciser dans cette lettre quel est le motif économique à l’origine de la proposition (Cass. soc., 8 novembre 2023, n° 22-11.369) et que le salarié dispose de 1 mois pour faire connaître son refus (Code du travail., art.. L. 1222-6). Il s’agit d’un délai de 1 mois complet qui démarre le jour où le salarié reçoit le courrier recommandé lui proposant la modification et expire à minuit de la même date du mois suivant (Cass. soc., 3 mars 2009, n° 07-42.850). Au-delà de ce délai et en l’absence de réponse de sa part, le salarié est considéré comme ayant accepté la modification, et il sera tenu d’exécuter son contrat aux nouvelles conditions (art. 1222-6 du code du travail ). En cas de refus, l’employeur peut décider de renoncer à ce changement de fonctions, en le proposant à un autre salarié par exemple, et maintenir le salarié dans sa situation actuelle. Si cela n’est pas possible, il ne peut pas le sanctionner ou le licencier en raison de son refus car il ne s’agit pas d’une faute. En revanche, il pourra prononcer son licenciement, non pas en raison du refus lui-même, mais pour le motif qui l’a amené à faire évoluer son contrat de travail en s’assurant qu’il répond aux critères de la cause « réelle et sérieuse » du licenciement. Aucune forme n’est légalement requise pour que le salarié exprime son refus. *Source: culture RH. Donc, comme vous le voyez, il n’y pas d’obligation de prendre une décision aussi rapide. Prenez le temps de bien réfléchir. Il serait préférable d’attendre que ce soit votre employeur qui vous licencie au motif économique. En effet, il y aura de meilleurs accompagnements pour votre avenir professionnel. N""hésitez pas à rencontrer des personnes dans des structures juridiques comme une maison de la justice, ou autre. Cela vous aidera à prendre la décision qui vous conviendra le mieux. Vous disposez d’un mois, profitez-en. Si votre employeur ne respecte pas la procédure juridique indiquée, prévenez votre inspection du travail , cela est important et faites-vous accompagner par une structure juridique. Ne laissez pas votre employeur vous mener en bateau. Vous avez des droits, il se doit de les respecter. Mais, laissez-le prendre la décision de vous licencier si cela devait arriver. N’anticipez pas à sa place. il y a plus à y gagner. Cordialement.","https://forum.juritravail.com/t/baisse-d-activite-de-70-et-rendez-vous-a-3-contre-1-la-rupture-conventionnelle-est-elle-la-solution/3391"
3391,"Baisse d’activité de 70% et rendez-vous à 3 contre 1 : La Rupture Conventionnelle est-elle la solution ?","devi16","2026-04-26T08:59:10.652Z","Bonjour FD, Je vous remercie beaucoup pour votre réponse et pour avoir pris le temps de m’éclairer sur le délai d’un mois prévu par l’article L. 1222-6 . C’est une information très importante pour moi. Pour que vous ayez une vision plus précise, j’ai mis en ligne les deux documents (anonymisés) : Document 1 (avril 2025) : Ma répartition de l’an dernier pour 528 heures (j’en ai fait plus de 600 au final). Document 2 (avril 2026) : La proposition reçue par mail pour la rentrée : 192 heures . On remarque que ce volume est inférieur au minimum de 220 heures prévu dans mon contrat. Par ailleurs, j’ai reçu un mail m’informant que mes cours d’informatique ont été redistribués à d’autres formateurs. J’ai également noté que dans d’autres matières (Anglais et Culture Générale), il y a beaucoup de mouvements : il y a eu 2 démissions en Anglais et 2 démissions en Culture Générale en deux ans. L’établissement en est actuellement au troisième formateur pour ces deux matières. Compte tenu de ces éléments, j’ai quelques interrogations : Le motif économique est-il réellement applicable si les cours existent toujours mais sont donnés à d’autres personnes ? Est-ce que ces informations peuvent faciliter une discussion autour d’une rupture conventionnelle ? Comme l’ambiance et la situation pèsent beaucoup sur ma santé, j’aimerais vraiment trouver une solution pour partir proprement. Je vous remercie encore pour votre aide et vos conseils. Répartition horaire 26-27 481×318 15.3 KB Volume horaires BTS - rentrée 2025.pdf 498×544 22 KB","https://forum.juritravail.com/t/baisse-d-activite-de-70-et-rendez-vous-a-3-contre-1-la-rupture-conventionnelle-est-elle-la-solution/3391"
3391,"Baisse d’activité de 70% et rendez-vous à 3 contre 1 : La Rupture Conventionnelle est-elle la solution ?","FD","2026-04-29T04:34:05.804Z","Bonjour, Votre employeur va jouer sur le volume d’heures qui sera réparti sur d’autres formateurs pour justifier une réduction de poste. Ce qui avec un bon défenseur peut être démonter juridiquement. Rien ne vous empêche de voir pour une rupture conventionnelle . En espérant que votre employeur accepte. Un licenciement économique aurai été plus avantageux financièrement, ainsi qu’en terme de formations, etc, etc. Mais comme cette situation et autre pèsent sur votre santé, optez pour une solution plus rapide et qui vous agrée. Cordialement.","https://forum.juritravail.com/t/baisse-d-activite-de-70-et-rendez-vous-a-3-contre-1-la-rupture-conventionnelle-est-elle-la-solution/3391"
2519,"Non paiement d'un solde de tout compte","SandrineV_974","2025-12-03T07:41:57.958Z","Bonjour, Je viens aujourd’hui chercher des réponses à ma situation professionnelle. J’ai été salarié dans une société de service à la personne pendant plus de 6 ans. J’avais comme dernier emploi, le poste de responsable coordinateur. En juin la société a été revendue, et a été reprise par ma collègue, qui donc devenu ma responsable. Cette personne a bcp de rancœur à mon égard, car j’ai obtenu le même poste qu’elle sans diplôme, mais surtout sans jamais avoir postulé à ce poste, que l’ancienne est venue me proposer. Pendant 3 ans, j’ai travaillé en partenariat avec cette collègue, ca toujours été compliqué le relationnel entre nous, je vous passe les détails de “ se propose de me remplacer mais ne se présente pas chez le bénéficiaire, me donne pas des informations importante pour la gestion des plannings, rdv etc … Dès qu’elle a reprit la gestion de l’entreprise, elle m’a continué à me faire la misère, en voulant me rétrograder dans mon poste, me faisant des remarques etc… a tel point que fin juillet je me suis en arrêt maladie car je ne pouvais plus supporter cette pression. J’ai fini par demander une rupture conventionnelle . Qu’elle a accepter pour se débarrasser de moi. Hier je vais signer les documents, j’avais un badge qui me permettait d’avoir accès au parking sous terrain pour quand je prenais la voiture de fonction. Or ce badge était resté dans mon autre véhicule et sur l’instant T je l’avais pas mais je faisais le nécessaire pour lui remettre. Je constate que le solde de tout compte n’a pas été viré sur mon compte bancaire, je lui fais la remarque voici sa réponse : Le versement de ton solde de tout compte sera effectué dans les prochains jours. Tu pourras constater sa bonne réception directement sur ton compte bancaire. Avant de réagir je voulais savoir si cela était légal, car d’après ce que j’ai trouvé au sujet du STC, c’est que Le STC est immédiatement exigible : L’employeur est légalement tenu de vous remettre le STC et les documents de fin de contrat (attestation Pôle emploi, certificat de travail) le jour de la rupture du contrat de travail . Fin de contrat le 30.11 Le gérant doit donner la preuve que l’argent a bien été versé sur le compte ou doit donner un chèque de banque. Si elle n’a pas le droit de faire cela quels sont les recours possible, car aujourd’hui je suis sans emploi et endetté. merci d’avance pour vos réponses. Sandrine","https://forum.juritravail.com/t/non-paiement-dun-solde-de-tout-compte/2519"
2519,"Non paiement d'un solde de tout compte","Alainverce","2025-12-03T09:17:28.153Z","Bonjour. Si j’ai bien compris votre contrat s’est terminé hier. Il n’est pas forcément condamnable que vous n’ayez pas eu le versement de votre solde de salaire ce même jour. C’est d’ailleurs rarement le cas car jusqu’à la dernière heure le salarié peut avoir une absence modifiant le total du. Attendez au moins quelques jours. Cdt.","https://forum.juritravail.com/t/non-paiement-dun-solde-de-tout-compte/2519"
2519,"Non paiement d'un solde de tout compte","SandrineV_974","2025-12-03T09:34:50.000Z","Bonjour, merci pour votre réponse la fin du contrat était le 30.11 et hier 02.12 je suis allée signer et récupérer mes documents.","https://forum.juritravail.com/t/non-paiement-dun-solde-de-tout-compte/2519"
2519,"Non paiement d'un solde de tout compte","SandrineV_974","2025-12-03T09:45:55.048Z","il ne pouvait pas y avoir d’absence puisque j’étais en arrêt maladie jusqu’au 30.11. Il est bien écrit sur le “ Reçu pour solde de tout compte” Reconnais avoir recu de mon ex employeur, … mon certificat de travail, mon attestation de France Travail, pour solde de tout compte, la somme de …. pensant qu’elle avait fait le virement je l’ai signé je lui faisais confiance. Et aujourd’hui elle se réserve le droit de décider quand elle va me payer sans donner de date !","https://forum.juritravail.com/t/non-paiement-dun-solde-de-tout-compte/2519"
2519,"Non paiement d'un solde de tout compte","Math64","2025-12-03T10:00:08.154Z","Bonjour, Sauf que là, il faut patienter. A quelle date les salaires sont versés habituellement. A noter, si la loi ne laisse aucun délai à l’employeur, les tribunaux admettent facilement un délai de 15 jours pour le versement du sdtc.","https://forum.juritravail.com/t/non-paiement-dun-solde-de-tout-compte/2519"
2519,"Non paiement d'un solde de tout compte","SandrineV_974","2025-12-03T10:12:50.639Z","le salaire est versé entre le 30 du mois précédent ou le 1er.","https://forum.juritravail.com/t/non-paiement-dun-solde-de-tout-compte/2519"
2519,"Non paiement d'un solde de tout compte","Math64","2025-12-03T10:14:08.766Z","Donc je laisserais 15 jours, à défaut de paiement effectif : courrier ar dénonçant le solde de tout compte et en exigeant le paiement.","https://forum.juritravail.com/t/non-paiement-dun-solde-de-tout-compte/2519"
2519,"Non paiement d'un solde de tout compte","SandrineV_974","2025-12-03T10:16:40.505Z","sauf que à ce jour je me retrouve sans ressource et que mon loyer ne passe, mon crédit non plus, etc … et j’ai des frais bancaires qui s’accumulent. Je trouve qu’une fois de plus elle abuse et essaye de profiter de son statut de gérante.","https://forum.juritravail.com/t/non-paiement-dun-solde-de-tout-compte/2519"
2519,"Non paiement d'un solde de tout compte","Math64","2025-12-03T10:23:31.369Z","Le salaire lui doit être payé. Vous pouvez faire partir ce courrier d’ici 72h: Code du travail numérique Modèle de document : Demande de paiement de salaire Tout salarié doit percevoir son salaire au moins une fois par mois. Téléchargez et personnalisez notre modèle pour demander le paiement du salaire dû en cas de non-paiement.","https://forum.juritravail.com/t/non-paiement-dun-solde-de-tout-compte/2519"
2519,"Non paiement d'un solde de tout compte","SandrineV_974","2025-12-03T11:01:14.472Z","comme je suis en arrêt maladie depuis fin juillet, l’entreprise m’a versé jusqu’à maintenant un complément de salaire. Je sais pas combien de temps ce complément est possible.","https://forum.juritravail.com/t/non-paiement-dun-solde-de-tout-compte/2519"
2519,"Non paiement d'un solde de tout compte","Mistawonders","2026-04-23T17:49:13.277Z","Il faut arrêter de transformer des habitudes de gestion de paie en règles de droit. Aucun texte ne prévoit un prétendu “délai de 15 jours admis par les tribunaux” pour verser le solde de tout compte. Une pratique interne, un usage, ou une tolérance observée ici ou là ne font pas loi. Le cadre juridique est beaucoup plus simple : À l’expiration du contrat, l’employeur délivre le certificat de travail. Au moment de la rupture, il remet les attestations permettant au salarié d’exercer ses droits, notamment pour France Travail. Le reçu pour solde de tout compte ne sert pas à annoncer des sommes qui seront peut-être versées plus tard : il dresse l’inventaire des sommes versées lors de la rupture. Autrement dit, un reçu atteste un paiement intervenu, pas un paiement à venir. Donc soutenir qu’un employeur pourrait remettre un reçu mentionnant des sommes “versées” alors que le règlement n’a pas eu lieu, puis régulariser plus tard “parce que ça se fait”, est juridiquement très contestable. Et au-delà du droit du travail , un écrit qui atteste sciemment comme vrai un fait inexact, alors qu’il est de nature à produire des effets juridiques, peut soulever la question du faux au sens de l’article 441-1 du code pénal . Il faut donc être extrêmement prudent avant d’expliquer sur un forum qu’on peut faire signer ou établir un reçu de paiement avant paiement effectif. En résumé : la pratique ne fait pas loi, l’usage ne crée pas un délai légal, et un reçu pour solde de tout compte n’a pas vocation à couvrir un versement futur.","https://forum.juritravail.com/t/non-paiement-dun-solde-de-tout-compte/2519"
2519,"Non paiement d'un solde de tout compte","Math64","2026-04-23T21:10:29.268Z","Bonjour, Sur le principe, vous avez raison : les documents de fin de contrat doivent être tenus à la disposition du salarié à la fin du contrat. Mais en pratique, il faut quand même rappeler que l’obligation de remise est quérable. La Cour de cassation l’a dit expressément dans l’arrêt du 5 octobre 2004, n° 02-44.487 : « l’obligation de remettre un certificat de travail et une attestation Assedic pesant sur l’employeur était quérable » et l’employeur pouvait les tenir « à la disposition du salarié, en l’invitant à venir les retirer ». Donc, oui, la règle est une mise à disposition à la rupture ; non, cela ne signifie pas automatiquement remise en main propre instantanée sous peine de dommages-intérêts. Et surtout, sur le terrain contentieux, il n’y a plus de préjudice automatique. L’arrêt de principe est Cass. soc., 13 avril 2016, n° 14-28.293 : « l’existence d’un préjudice et l’évaluation de celui-ci relèvent du pouvoir souverain d’appréciation des juges du fond », et la Cour approuve le rejet de la demande du salarié qui « n’apportait aucun élément pour justifier le préjudice allégué ». En clair, un salarié qui récupère ses documents 7 jours après la rupture doit encore démontrer ce que ce retard lui a concrètement causé. Sans refus d’inscription à France Travail, sans retard d’allocation, sans frais bancaires, sans autre conséquence objectivable, la demande indemnitaire a peu de chances d’aboutir. Donc vous avez raison sur la règle, mais il faut ajouter la réalité pratique et contentieuse : courte souplesse matérielle possible, et surtout absence d’indemnisation sans préjudice prouvé.","https://forum.juritravail.com/t/non-paiement-dun-solde-de-tout-compte/2519"
2519,"Non paiement d'un solde de tout compte","Mistawonders","2026-04-23T21:42:54.690Z","Je pense qu’il faut distinguer deux questions, qui ne se recouvrent pas tout à fait. Les décisions que vous citez sur le caractère quérable des documents de fin de contrat et sur l’absence de préjudice automatique en cas de remise tardive sont exactes sur leur principe. En revanche, dans le fil présent, la salariée indique avoir récupéré ses documents. La difficulté semble donc porter surtout sur le versement effectif des sommes dues, et non plus sur la seule remise matérielle des pièces. C’est là que l’article L. 1234-20 du code du travail me paraît central : le reçu pour solde de tout compte fait l’inventaire des sommes versées au salarié lors de la rupture du contrat. Autrement dit, le reçu a vocation à constater un paiement intervenu, et non à mentionner des sommes qui seraient réglées ultérieurement. C’est pour cette raison qu’à mon sens, les considérations relatives aux usages pratiques ou à une certaine souplesse matérielle ne suffisent pas à créer un délai légal de paiement : la pratique, les usages ou les coutumes ne font pas loi. Donc, sans remettre en cause vos références sur les documents, il me semble que la question juridique discutée ici est avant tout celle du paiement, et non celle de la mise à disposition des documents.","https://forum.juritravail.com/t/non-paiement-dun-solde-de-tout-compte/2519"
2519,"Non paiement d'un solde de tout compte","Math64","2026-04-23T21:52:22.527Z","Je ne suis pas en désaccord avec vous sur le rôle central de l’article L.1234-20 du Code du travail , mais je pense qu’il faut aller au bout de sa logique. L’alinéa 1 dit bien que « le solde de tout compte, établi par l’employeur et dont le salarié lui donne reçu, fait l’inventaire des sommes versées au salarié lors de la rupture du contrat de travail ». Nous sommes d’accord : en théorie, le reçu constate un paiement déjà intervenu, ce n’est pas un simple engagement de payer plus tard. Mais c’est précisément parce qu’il est censé constater des sommes effectivement réglées que le législateur a prévu un mécanisme spécifique de dénonciation : « le reçu pour solde de tout compte peut être dénoncé dans les six mois qui suivent sa signature, délai au-delà duquel il devient libératoire pour l’employeur pour les sommes qui y sont mentionnées ». Autrement dit, le salarié dispose d’un outil juridique pour dire : « les sommes portées sur le reçu ne correspondent pas à ce qui m’a réellement été payé » ou « il manque des sommes ». Si l’on suivait votre raisonnement jusqu’au bout, en considérant qu’il doit y avoir paiement parfait et immédiat pour que le reçu soit valable, une grande partie de ce dispositif n’aurait plus d’utilité : il suffirait au salarié de refuser de signer, ou de dire que le paiement n’est pas intervenu, sans passer par la logique de dénonciation et de contestation dans les 6 mois. En pratique, le droit positif organise autre chose : l’employeur établit un reçu qui inventorie les sommes censées être versées lors de la rupture ; le salarié signe ou non ; s’il signe mais considère que les montants ne correspondent pas à ce qui lui a été effectivement payé (ou qu’il manque des postes), il a 6 mois pour dénoncer le reçu et contester devant le conseil de prud’hommes ; passé ce délai, le reçu devient libératoire pour les sommes qui y sont mentionnées (Cass. soc. 18 déc. 2013, n° 12‑24.985). Sur cette base, dire que les « flexibilités » sont dépourvues de fondement me semble un peu excessif : elles sont encadrées par deux choses très concrètes du point de vue du salarié : d’une part, la possibilité de dénoncer le reçu dans les six mois, précisément pour remettre en cause ce qui a été réellement payé ; d’autre part, l’action en paiement des sommes dues, indépendamment du reçu, dans les délais de prescription applicables (salaires, indemnités de rupture, etc.). En résumé, je vous rejoins sur le fait que le reçu n’a pas vocation à lister des promesses de paiement hypothétiques, mais la réalité du droit positif, c’est que le législateur a prévu un mécanisme de dénonciation pour traiter, justement, les situations où ce qui est inscrit sur le reçu ne correspond pas au paiement effectif. C’est pour cela que, sur un plan contentieux, on ne peut pas faire comme si tout décalage pratique entre édition du reçu, virement et réalité du crédit sur le compte créait ipso facto une illégalité insusceptible d’être couverte par la dénonciation et par l’action en paiement.","https://forum.juritravail.com/t/non-paiement-dun-solde-de-tout-compte/2519"
2519,"Non paiement d'un solde de tout compte","Mistawonders","2026-04-23T22:17:54.199Z","Je vous rejoins sur un point : le mécanisme de dénonciation dans les 6 mois existe bien, et il a une fonction utile de protection du salarié. En revanche, je crois qu’il faut distinguer deux choses : d’une part, l’effet libératoire du reçu et sa contestation éventuelle ; d’autre part, la régularité du paiement lui-même. Le fait que le salarié puisse dénoncer un reçu inexact ne signifie pas que le droit autorise, par principe, l’établissement d’un reçu mentionnant comme versées des sommes qui ne le sont pas encore. L’article L. 1234-20 reste formulé en termes de sommes versées lors de la rupture. La dénonciation permet de contester un reçu signé ; elle ne transforme pas un paiement non encore effectué en situation juridiquement régulière. Autrement dit, l’existence d’un recours ne vaut pas validation de l’irrégularité qu’il permet de contester. Je vous rejoins donc sur l’existence du mécanisme de dénonciation, mais pas sur l’idée qu’il fonderait, à lui seul, une “flexibilité” juridique entre l’édition du reçu et le paiement effectif. À mon sens, cela reste deux questions distinctes : le reçu et son effet libératoire, d’un côté ; l’exécution effective et à bonne date du paiement, de l’autre.","https://forum.juritravail.com/t/non-paiement-dun-solde-de-tout-compte/2519"
3235,"Chômage fonctionnaire territorial","Christos","2026-03-30T14:26:01.442Z","Bonjour, J’ai rompu mon emploi en juin 2023 par rupture conventionnelle j’ai été admis à ARE gérer par France Travail et rémunéré par la ville de Lyon , j’ai 62 ans et toujours ARE jusqu’à la fin de mars 2026 mon administration ne me rémunère plus au titre de ARE puis-je voir avec France Travail pour continuer monARE jusqu’à ma retraite pleine et entière ? Cordialement","https://forum.juritravail.com/t/chomage-fonctionnaire-territorial/3235"
3235,"Chômage fonctionnaire territorial","milou27","2026-03-30T17:18:08.995Z","Bonjour Dans le secteur public, Il semble que les dispositions sur la poursuite de l’indemnisation des allocations chômage jusqu’à l’age de départ en retraite à taux plein soient les mêmes que dans le secteur privé VOIR la page 53 du Lien : Guide_Chomage_2021_WEB.pdf (lien datant de 2021) Extrait : 2-2 - Le maintien de droits en fonction de l’âge de l’allocataire En outre, la réglementation d’assurance chômage prévoit que les allocataires âgés de 62 ans continuent d’être indemnisés jusqu’aux limites d’âge applicables. Ces éléments sont précisés à l’article 9 § 3 du règlement général d’assurance chômage . -=-=-=- Pour bénéficier de la poursuite de l’indemnisation, il faut cumuler plusieurs conditions décrites dans le lien : Je suis proche de la retraite |France Travail –:-:-:-: Là… Avec une fin de droits en Mars 2026 - il faut s’attendre à beaucoup de retard pour bénéficier de la poursuite de vos droits ….Ce n’est pas automatique , loin de là….","https://forum.juritravail.com/t/chomage-fonctionnaire-territorial/3235"
3052,"Rupture déguisée en licenciement éco ?","Galira","2026-03-02T10:21:34.366Z","Bonjour, Je travaille dans une startup informatique depuis bientôt 18 mois et les projets sont en bernes .. donc mon employeur me dit qu’il ne pourra bientôt plus me payer. Je pense qu’il attend de moi que je fais une RC mais cela est bien moins avantageux qu’un licenciement éco que je considère plus légitime dans ce cas .. Qu’en pensez-vous ? Merci pour votre aide que j’attends avec impatience","https://forum.juritravail.com/t/rupture-deguisee-en-licenciement-eco/3052"
3052,"Rupture déguisée en licenciement éco ?","Henriri","2026-03-02T21:05:04.844Z","Hello ! Je ne sais pas sur quoi est fondée votre supposition. Car si votre employeur « préférait » une Rupture Conventionnelle comme vous l’exprimez il lui suffirait de vous la proposer sans avoir à « l’attendre de vous ». Et le cas échéant si vous la refusiez il lui resterait à vous licencier. A+","https://forum.juritravail.com/t/rupture-deguisee-en-licenciement-eco/3052"
3052,"Rupture déguisée en licenciement éco ?","Alainverce","2026-03-03T07:15:20.443Z","Bonjour. Rien ne vous oblige à demander une rupture conventionnelle si celle-ci ne vous convient pas. Et même si c’est l’employeur qui la propose rien n’oblige le salarié à l’accepter. Cdt.","https://forum.juritravail.com/t/rupture-deguisee-en-licenciement-eco/3052"
2915,"Question sur le droit d'option","Anthonybp","2026-02-12T13:58:08.635Z","Bonjour, J’ai demandé à France Travail de me calculer le montant de mes droits rechargeable en se basant sur mon avant dernier contrat( rupture amiable)On me demande de fournir une copie du contrat actuel , je cite: “ a reception, je vous enverrai une proposition de droit d’option(recalcule de droit sur vos derniers emplois) qui pourra vous donner une idée du rechargement éventuel si aucune autre fin de contrat n’intervient d’ici votre épuisement de droit” Je n’ai pas compris, car loguquement, à l’epuisement de mes droits( reliquat 20jours) je doit bénénéficier de droits rechargeables. Merci","https://forum.juritravail.com/t/question-sur-le-droit-doption/2915"
2915,"Question sur le droit d'option","milou27","2026-02-12T17:53:25.071Z","Bonjour Selon moi, vous ne pourrez recharger vos droits que lorsque le contrat que vous occupez actuellement prendra fin (si perte involontaire d’emploi) Les droits seront alors rechargés d’après la période d’affiliation au cours des 24 derniers mois (si-de 50 ans) précédant la perte involontaire du dernier emploi (celui occupé actuellement Il se peut que l’avant dernier emploi ne soit pris en compte que partiellement puisque la période d’affiliation est glissante … d’infos : FICHE 6 - Page 156 : PRE-CIRC-Circulaire_n_2025-03_du_1er_avril_2025_uid_67f53cc00a07f.pdf","https://forum.juritravail.com/t/question-sur-le-droit-doption/2915"
2915,"Question sur le droit d'option","Anthonybp","2026-02-12T19:03:01.354Z","Merci pour votre réponse, quelle seront les périodes prises en compte pour un rechargement de droit, est ce le période travaillées a partir de 2022? car selon la dernière attestation: “France Travail certifie que vous avez été admis au bénéfice de ALLOCATION D’AIDE AU RETOUR A L’EMPLOI en date du 11 mai 2022 après la fin de votre contrat de travail du 29 février 2020. Au 31 janvier 2026, vous avez bénéficié de 486 allocations journalières. Vous pourrez éventuellement prétendre à 27 allocations journalières.France Travail certifie que vous avez été admis au bénéfice de ALLOCATION D’AIDE AU RETOUR A L’EMPLOI en date du 11 mai 2022 après la fin de votre contrat de travail du 29 février 2020. Au 31 janvier 2026, vous avez bénéficié de 486 allocations journalières. Vous pourrez éventuellement prétendre à 27 allocations journalières. Merci","https://forum.juritravail.com/t/question-sur-le-droit-doption/2915"
2915,"Question sur le droit d'option","milou27","2026-02-13T08:10:09.949Z","J’avoue que je ne cerne pas assez votre parcours pour vous répondre Quel type d’emploi occupez-vous actuellement - CDI ou CDD et si CDD ,quelle date de fin ? Si votre conseiller vous parle de droit d’option, cela revient à comparer 2 périodes d’emploi qui ont généré des droits nouveaux et il vous est possible de choisir les droits les plus avantageux si les droits d’une période d’emploi prise en compte sont supérieurs de 30% aux droits de l’autre période (contre l’abandon des droits de cette autre période) De toute façon , les périodes d’emploi prises en compte pour recharger des droits sont limitées à la durée d’affiliation des 36 derniers mois (si + de 55 ans) précédant la fin du dernier emploi perdu involontairement","https://forum.juritravail.com/t/question-sur-le-droit-doption/2915"
2915,"Question sur le droit d'option","Anthonybp","2026-02-13T08:21:19.104Z","Bonjour, cela n’est pas logique car j’ai un reliquat de 27 jours suite a une ouverture de droits en 2022, dernier fin de contrat decembre 2025, comment peuvent ils comparer 2 periodes alors que le rechargement n’a pas encore été calculé","https://forum.juritravail.com/t/question-sur-le-droit-doption/2915"
2915,"Question sur le droit d'option","milou27","2026-02-13T08:49:04.665Z","Je renouvelle ma question sur l’emploi occupé actuellement : quelle sera sa date de fin s’il s’agit d’un CDD ?","https://forum.juritravail.com/t/question-sur-le-droit-doption/2915"
2915,"Question sur le droit d'option","Anthonybp","2026-02-13T10:01:46.659Z","Le fin du contrat en cdd a eu lieu le 30 decembre 2025","https://forum.juritravail.com/t/question-sur-le-droit-doption/2915"
2915,"Question sur le droit d'option","milou27","2026-02-13T10:45:14.173Z","OK - Il s’agit alors du rechargement des droits sans que cela ait un rapport avec un droit d’option puisque vous arrivez en fin de droits Le rechargement s’effectuera d’après la période d’affiliation entre le 1er Janvier 2023 et le 30 Décembre 2025 ( jusqu’à 36 mois en arrière si plus de 55 ans) et le calcul de l’indemnisation journalière d’après les salaires perçus pendant les 36 mois d’affiliation selon la méthode de calcul du SJR expliqué dans le lien : Salaire de référence | Unédic.org Une fois le rechargement effectué et les nouveaux droits ouverts , votre indemnisation journalière Are sera déterminée en fonction du salaire du nouvel emploi repris après le 30 Décembre 2025 - 70% du salaire brut perçu dans le mois seront déduits de l’indemnisation Are versée chaque mois Si vous avez repris un temps plein après le 30/12/2025, vous ne percevrez pas de complément chômage pour le moment","https://forum.juritravail.com/t/question-sur-le-droit-doption/2915"
2915,"Question sur le droit d'option","Anthonybp","2026-02-13T11:08:36.987Z","J’ai plus de 55ans, j’ai calculé une periode de référence etait a partir de 2022 et non 2023 soit 36 mois. Cordialement","https://forum.juritravail.com/t/question-sur-le-droit-doption/2915"
2915,"Question sur le droit d'option","Anthonybp","2026-02-13T11:54:43.000Z","La période de référence serait glissante jusqu’à quelle période car la base est quand même de 36 mois Yahoo Mail : Recherchez, organisez, maîtrisez","https://forum.juritravail.com/t/question-sur-le-droit-doption/2915"
2915,"Question sur le droit d'option","milou27","2026-02-13T13:19:24.127Z","je maintiens : la période de référence ne peut pas dépasser36 mois en arrière à compter de la fin du dernier emploi occupé , soit du 1er Janvier 2023 au 30 Décembre 2025 Extrait du lien mis : ""Autrement dit, le terme de la « période de référence calcul » (PRC) correspond au terme de la période de référence affiliation (PRA). Soit 24 mois avant la date de fin de leur dernier contrat de travail pour les salariés âgés de moins de 55 ans et 36 mois pour les salariés de 55 ans et plus . Exemple : Au cours des 36 mois , si vous n’aviez repris qu’un 1er emploi le 1er Juillet 2023 qui a pris fin le 30 Décembre 2025, la période de référence de calcul s’étendra de Juillet 2023 au 30 Décembre 2025 ( 2 ans 1/2) Idem si vous avez repris plusieurs CDD au cours des 2 ans 1/2 avec un 1er CDD le 1er Juillet et un dernier qui pris fin le 30 Décembre 2025","https://forum.juritravail.com/t/question-sur-le-droit-doption/2915"
2915,"Question sur le droit d'option","Anthonybp","2026-02-13T17:35:25.737Z","Je n’ai pas compris car j’ai accumulé plusieurs CDD et si je compte de janvier 2023 a décembre 2025 cela ne fait pas 36 mois d’affiliation alors que Franc Travail m’a confirmé que la période de référence serait depuis 2022","https://forum.juritravail.com/t/question-sur-le-droit-doption/2915"
2915,"Question sur le droit d'option","Anthonybp","2026-02-13T17:42:13.120Z","Pour information, j’ai repris plusieurs emplois depuis 2022 , alors comment calculer la période de référence. Merci","https://forum.juritravail.com/t/question-sur-le-droit-doption/2915"
2915,"Question sur le droit d'option","milou27","2026-02-13T18:55:24.267Z","Pour la période de référence d’affiliation, Il faut écarter les emplois repris en 2022 La période de référence d’affiliation a commencé à courir le 1er Janvier 2023 mais il se peut que la période de référence de calcul ait commencé plus tard si vous n’occupiez pas d’emploi le 2 Janvier 2023 auquel cas , la période de référence de calcul a commencé à courir au début du 1er emploi repris en 2023 La période de référence d’affiliation n’est pas forcément la même que la période de référence de calcul Vous comprendrez mieux en regardant le tableau dans le LIEN : Salaire de référence | Unédic.org Pour le calcul de l’indemnisation, ce qui peut vous pénaliser c’est la durée des périodes sans emploi entre 2 CDD ou vous avez perçu des indemnités chômage","https://forum.juritravail.com/t/question-sur-le-droit-doption/2915"
2915,"Question sur le droit d'option","Anthonybp","2026-02-13T22:10:03.923Z","En effet, j’ai repris des activités a partir de début janvier 2023 mais avec des périodes d’interuption et le dernier contrat terminé en décembre 2025 . Mais ça ne semble pas logique car il me semble que la période d’affiliation et de référence était identique. Pourquoi les emplois repris en 2022 ne sont pas pris en compte, pourquoi France Travail compte les emplois à partir du 1er janvier 2023 et pas avant( ce qui fait 24 mois) Dans tous les cas, si je calcule, j’ai plus de 900 h au total.","https://forum.juritravail.com/t/question-sur-le-droit-doption/2915"
2915,"Question sur le droit d'option","milou27","2026-02-14T06:58:15.419Z","Je vous fais remarquer que la période du 01/01/2023 au 30/12/2025 totalise 36 mois (et non 24 mois) Dans le calcul de l’indemnisation journalière , ce n’est pas la durée de la période de référence de calcul qui est importante , c’est la continuité des périodes travaillées (sans trou) puisque lorsque qu’on fait le rapport : Total des salaires bruts perçus pendant la période de référence de calcul / nombre de jours calendaires contenus dans la période de référence de calcul , on obtient le montant du salaire journalier de référence (SRJ) qui détermine le montant de l’indemnisation journalière Are (environ 57% du SJR ) Les périodes non travaillées entre 2 contrats ont pour effet d’abaisser le SJR et par voie de conséquence le montant de l’ARE journalière. sachant que les jours indemnisées au titre de l’ARE entre 2 contrats sont inclus dans le décompte des jours calendaires de la PRC mais avec un salaire de ZERO euro Ca vous concerne directement puisque vous avez bénéficié de 486 allocations journalières en un peu plus de 40 mois (soit environ 1.220 jours calendaires)","https://forum.juritravail.com/t/question-sur-le-droit-doption/2915"
2915,"Question sur le droit d'option","Anthonybp","2026-02-14T07:41:15.508Z","Bonjour, Si j’ai bien compris, je dois avoir travaillé combien d’heures dépuis le 1 et janvier 2023 jusqu’au 30 décembre 2035 pour savoir si je suis éligible aux droits rechargeable. Merci","https://forum.juritravail.com/t/question-sur-le-droit-doption/2915"
2915,"Question sur le droit d'option","milou27","2026-02-14T09:29:44.889Z","A partir de 130 jours travaillés (6 mois) qui ouvrent droit à 6 mois d’indemnisation (c’est la durée minimale) Si 12 mois travaillés : 12 X 0,75 : 9 mois indemnisés 24 mois travaillés : 24 X 0,75 : 18 mois indemnisés","https://forum.juritravail.com/t/question-sur-le-droit-doption/2915"
2915,"Question sur le droit d'option","Anthonybp","2026-02-14T10:43:53.000Z","Merci , si je souhaite calculer le nombre de jours indemnisable, je dois calculer les jours travaillés depuis le 1er janvier 2023 jusqu’à décembre 2024, sur les attestations seulement les heures sont indiqués , comment convertir en mois. Merci Yahoo Mail : Recherchez, organisez, maîtrisez","https://forum.juritravail.com/t/question-sur-le-droit-doption/2915"
2915,"Question sur le droit d'option","Anthonybp","2026-02-14T15:56:12.916Z","J’ai repris une activité le 11 décembre 2023 avec plusieurs contrats jusqu’au 30 décembre 2025 et j’ai cumulé environ 2307 h. Comment savoir combien de jours indemnisés. Je vous remercie. Cordialement","https://forum.juritravail.com/t/question-sur-le-droit-doption/2915"
2852,"Harcèlement moral pendant une alternance, proposition de rupture à l'amiable","zizogoto","2026-02-03T20:46:03.686Z","Bonjour, je parle pour une amie proche. Je suis en L3 droit, mais je n’ai pas les compétences requises pour l’aider. A est alternante dans une entreprise de négociation et de fabrication de produit chimique, depuis le 1 er septembre 2025. Elle est étudiante en IUT Chimie, 3ème année. La première période d’entreprise a été exécutée du 29 septembre au 31 octobre. Durant cette période d’intégration, elle a été comparée et rabaissée à plusieurs reprises par rapport à un ancien alternant, présent encore 1 mois avant. Ce par son responsable de laboratoire, L et sa maître de stage, J. Elle est ensuite retournée après une période à l’IUT, le 1 er décembre jusqu’au 24 décembre. Durant cette période, la relation professionnelle s’est largement dégradée, les communications se sont amoindries. Lors du bilan de première période d’alternance le jeudi 11 décembre 2025, L s’est montré particulièrement agressif dans ses propos, en lui déclarant : “On dirait que tu es en stage et pas en alternance, on dirait pas que tu es en BUT 3 chimie”, mais encore “On dirait que tu es là que pour 2-3 mois, tu es salariée, tu n’es pas en stage tu es vraiment salariée, il faut que tu mérites ton salaire. Je ne sais pas si tu te rends compte mais tu es payée, alors oui c’est peut-être pas beaucoup mais t’es payée, donc il faut que tu mérites ton salaire”. A souligne que le ton employé était effectivement offensant. Il a également déclaré qu’elle n’était “pas assez chimiste”, un propos particulièrement blessant considérant son parcours scolaire. Ils mettent régulièrement en avant son manque d’autonomie et d’initiative, or ce n’est pas le but d’une alternance, A est en apprentissage et il est de leur devoir de l’accompagner dans sa réussite. A a malgré tout réussi à s’exprimer, et a relevé le fait que le rythme de travail était très variable, alternant avec des périodes de forte ou de faible activité. Suite à ses paroles, L lui a rétorqué “Donc ça veut dire qu’à des moments tu te fais chier ?”. Cette répartie agressive ne favorise pas le dialogue, et cette déformation des paroles de A lui permet de les retourner contre elle en accentuant leur gravité. Il a également déclaré : “Si tu trouve le temps long, pourquoi ne fais-tu pas les solutions d’acide nitrique?”, “Si tu n’avais plus de solution tu pouvais toi-même aller aux corrosifs chercher la nitrique” mais encore “Les nitriques tu as mis beaucoup trop de temps si tu dis que tu te fais chier”. Il retourne les paroles de A pour l’attaquer personnellement avec des accusations directes. Enfin, L décide de lui poser une question soudaine “Si je te dis acide “acétique” à 80%, tu mets 1 gramme. Donc si tu as une teneur à 8%, et bien tu mets combien de grammes ?”, ce à quoi A a répondu “Je mets 10 grammes”. L rétorque “Bah ouais bah tu vois c’est ça, c’est trop long, ça devrait être du tac au tac en faite, parce que c’est juste un facteur 10, ça devrait être simple”. Cette question soudaine surprend A, ne lui laissant pas le temps de réfléchir. Et malgré sa bonne réponse, il lui reproche le temps qu’elle met. Cette scène dépeint la manipulation dont il fait preuve doublée des reproches constants envers A même quand elle a la bonne réponse. Enfin, J avait remis à A le lundi 8 décembre une feuille bilan afin qu’elle s’auto-évalue. Après avoir jeté un coup d’œil à sa feuille, L lui fit la remarque suivante “franchement tu es beaucoup trop gentille, parce que des fois tu mets B mais moi je t’aurais mis un C”, mais il n’a pas expliqué pourquoi et sur quel point. C’est de nouveau une preuve de rabaissement, de manipulation et de pression morale. J a plutôt appuyé sur le fait que sa réussite scolaire dépend de sa réputation au sein de l’entreprise. A craint les représailles et l’impact que l’entreprise peut avoir sur l’obtention de son diplôme. A perçoit ses propos comme des menaces et elle redoute que ses tuteurs lui donnent de mauvaises appréciations. Voici les paroles d’A : “Oui mais si je fais ça [dénoncer ses tuteurs] c’est noté, je veux pas qu’ils me saquent non plus, la note d’alternance ça fait quasiment tout sur la troisième année”. En plus de cette manipulation et pression autour de l’obtention de son diplôme, J a pu faire des remarques négatives également, telle que “Dès que c’est pas écrit tu sais pas faire”, “Est ce qu’on peut te faire confiance ou est ce que je dois encore passer derrière toi sur tes résultats”, sachant qu’elle lui a donné une habilitation fin octobre pour livrer les citernes toute seule, ce qui pose question. J lui fait des remarques dans son quotidien aussi, alternant entre “Non mais A, je vois que tu es assez brutale, mais il faut pas que tu te presses, il n’y a pas le feu au lac, tu prends ton temps et quand tu seras plus à l’aise sur les analyses tu pourras plus te dépêcher” et “A dépêche toi faut libérer la citerne !”. A est confuse à cause de ces directives contradictoires, elle est perdue et ne sait plus comment se comporter. Depuis tout ça, A a reçu son bilan le 9 janvier 2026, où les seuls points positifs relatés étaient le respect des consignes de sécurité, la bonne tenue de son cahier et le port des équipements. A a commis plusieurs erreurs : casse de verreries, libération d’une citerne alors qu’il y avait des particules non conformes qu’elle n’avait pas vu. Toutefois, ces erreurs auraient pu ne pas être faites si elle était moins stressée. Sur les recommandations de ses amies, A a lancé une procédure auprès de la DRH de l’entreprise pour harcèlement moral. Il s’est avéré après une audition, qu’une « enquête » serait effectuée, or elle n’a pas été concluante, pour l’entreprise, il n’y a pas harcèlement moral. Suite à cela, A a souhaité un rendez-vous face à face avec L et J pour mieux appréhender son retour le 9 février jusque fin août sans interruption. Le rendez-vous a eu lieu le 2 février, durant celui-ci J n’a pas assumé une seule fois ses propos, s’est dépeinte comme victime : « je suis une maman solo avec un enfant, j’ai eu tellement peur d’être licenciée pour harcèlement moral », « depuis que cette affaire a commencé, tout le monde en parle et j’ai pris du retard en 3 semaines ». Pendant ce temps, la DRH, a demandé à A comment pouvait-elle faire pour que ça se passe mieux, la traduisant comme une fautive dans cette histoire et non comme une victime. La DRH lui a laissé 2 jours pour donner une réponse entre rester à l’entreprise ou partir avec une rupture conventionnelle . J a précisé ne se sentant plus capable d’être la tutrice de A. La médiatrice de A lui a fortement conseillé d’accepter la rupture conventionnelle car il y avait un risque de rupture unilatérale de l’initiative de l’entreprise. A a peur des représailles, de comment son retour pourrait se passer, peur que ce soit pire qu’avant, mais en même temps, si elle arrête son alternance ici, elle devra trouver un stage en moins de deux semaines, et sera payée près de 2 fois moins, or, elle ne pourrait plus vivre avec ses factures. De la même manière, A ne veut pas se laisser faire, mais elle a peur. Que lui conseillerez-vous ? Que risque-t-elle ? Une rupture unilatérale est vraiment possible (car j’en doute) ? Si rupture unilatérale y avait, aurait-elle gain de cause au Conseil des Prud’hommes selon vous ? Merci beaucoup !","https://forum.juritravail.com/t/harcelement-moral-pendant-une-alternance-proposition-de-rupture-a-lamiable/2852"
2852,"Harcèlement moral pendant une alternance, proposition de rupture à l'amiable","FD","2026-02-04T06:02:22.465Z","Bonjour, Vous décrivez un cas concret de harcèlement au travail. Preuve en est, puisque la situation dénoncée s’est retournée contre la salariée. Je ne pense pas que l’employeur ai intérêt à faire une rupture unilatérale. Cela viendrait apporter une preuve à charge de l’employeur du harcèlement avancé par la salariée. Maintenant à savoir si votre amie supportera l’ambiance dans laquelle elle devra travailler. A contrario, il est vrai qu’en acceptant la rupture conventionnelle , elle devra retrouver un autre stage rapidement. Une réponse ferme est très épineuse. Votre amie doit réfléchir au pour et au contre de cette situation qui risque de s’avérer difficile à vivre au quotidien. Quant aux prud’hommes, il va falloir apporter des preuves concrètes. S’enquérir sur le fait de savoir si l’entreprise est coutumière de ces faits. Etc, etc,. La situation que votre amie rencontre est malheureusement fréquente sur les forums, le bémol est que nous n’avons aucun retour sur ces situations et de leur suite, donc pas de conseils probants à donner. Juste des avis. Cordialement.","https://forum.juritravail.com/t/harcelement-moral-pendant-une-alternance-proposition-de-rupture-a-lamiable/2852"
2852,"Harcèlement moral pendant une alternance, proposition de rupture à l'amiable","Isadore","2026-02-04T08:58:06.443Z","Bonjour, De manière générale, il faut avoir consience qu’un tribunal ou un employeur tranche en fonction de l’ensemble du dossier. Par ailleurs il est possible qu’un salarié soit en même temps l’objet de harcèlement moral et l’objet de réprimandes justifiées. Il n’est par exemple pas anormal d’attendre d’une alternante en troisième année d’études qu’elle ait une certaine autonomie ou une certaine capacité d’initiative dans les tâches normalement affectées à son poste. Il faut aussi trier les arguments : par exemple les reproches relatifs à des erreurs réelles sont justifiés si elle a les compétences nécessaires pour les éviter. Ses encadrants ne sont pas là pour “l’accompagner dans sa réussite”, ils sont là pour la former et lui faire acquérir des compétences professionnelles et l’évaluer. Humainement, un bon maître de stage va soutenir et accompagner l’alternant, mais juridiquement il a rempli son rôle s’il se contente de transmettre à l’alternant les connaissances nécessaires pour que celui-ci fasse son travail. Personnellement, ce que je conseillerais à votre amie est de contacter une permanence syndicale ou juridique avec le dossier et de voir s’il y a juridiquement une faute démontrable de son employeur. Elle doit ne pas non plus hésiter à consulter son médecin traitant et le médecin du travail. Il peut y avoir une grande souffrance ressentie par un salarié dans le cadre professionnel, au point de justifier une prise en charge médicale, sans qu’il y ait de tort juridique de la part de l’employeur ou d’autres salariés.","https://forum.juritravail.com/t/harcelement-moral-pendant-une-alternance-proposition-de-rupture-a-lamiable/2852"
2746,"Pression pour un licenciement","DavidDenali","2026-01-19T12:26:19.962Z","Bonjour à toutes et tous, j’espère que tout le monde va bien et que vous arriverez à vous en sortir dans vos différents problèmes au travail. On est ensemble . Pour parler de ma situation, cela devient très complexe. Étant en arrêt depuis début janvier (problèmes physiques, mental lié au travail), mon employeur ne cesse de me mettre une pression de dingue pour ‹ ‹ me faire partir dans les bonnes conditions › ›. Je ne peux pas trop entrer dans les détails car on m’a déjà supprimé ma publication sur un autre groupe de droit au travail, comme si ils scrutaient toutes mes demandes de renseignements pour pas que je sache quoi faire et accepter la situation. Je suis le seul sur le secteur, entreprise de logistique, livraison. On me propose un licenciement faute grave arrangée, avec le paiement des indemnités de licenciement négociés et le droit au chômage (France travail). Pas de possibilité de possibilité de RC homologuée sans projet de formation derrière (car l’administration du travail leur refuse, que l’état refuse beaucoup de RC). Qu’ils sont prêt à me proposer une RC mais que la demande doit venir de moi, en appuyant mon projet de formation, que je dois envoyer le dossier même si ce n’est pas moi qui veut partir de l’entreprise. On me met la pression en me disant qu’il souhaite passer demain pour me passer les papiers. Que si je refuse, ils devront regarder les plannings, les éventuels retards répétés. Les commandes tombent aléatoirement et j’organise comme je veux (ils m’ont jamais sanctionné en presque 2 ans, ils ont tolérés mon organisation), et que je devrait me défendre devant les prud’hommes. Bref une grosse pression, j’ai déjà tout refusé, mais là, je ne sais plus quoi faire et ce qui est bon pour moi désormais. J’espère avoir une aide construite et savoir ce qui est le plus intéressant pour moi. Merci de votre patience !","https://forum.juritravail.com/t/pression-pour-un-licenciement/2746"
2746,"Pression pour un licenciement","Math64","2026-01-19T12:51:30.496Z","Bonjour, Votre employeur vous met clairement sous pression, et en droit, toute rupture conventionnelle ou « licenciement arrangé » signé sous contrainte peut ensuite être annulé pour vice du consentement.[ juritravail ]​ Un licenciement pour faute grave fait perdre l’ indemnité de licenciement et le préavis, mais il ouvre normalement droit au chômage dès lors que les conditions d’affiliation sont remplies. En revanche, un « licenciement pour faute grave négocié » avec promesse d’indemnités peut être vu par France Travail comme une manœuvre pour contourner les règles, avec un risque de contestation de vos droits. Surtout : ne vous présentez pas demain . Vous êtes en arrêt de travail, vous ne pouvez pas être obligé de vous déplacer pour un entretien de « sortie arrangée », et ce rendez‑vous n’a aucun fondement légal. À la place, envoyez immédiatement un mail ou une LRAR à votre employeur : refusez toute rupture, rappellez votre arrêt de travail, et dénoncez explicitement cette pression (menaces de fouiller vos plannings, de licenciement « pour faute » après deux ans sans sanction). Cette pression psychologique sur fond de maladie peut constituer du harcèlement, surtout en arrêt maladie : documenter vos refus par écrit vous protège juridiquement et coupe court aux manipulations en tête‑à‑tête. Le discours du type « si tu refuses, on va licencier pour faute » alors qu’aucune sanction n’a été prise en deux ans affaiblit la crédibilité de cette prétendue faute et montre qu’on cherche surtout à vous faire peur. En outre, cela reviendrais au même que le licenciement arrangé proposé… Ensuite, prenez rapidement avis auprès d’un avocat , d’un syndicat ou d’une structure gratuite pour formaliser votre dossier et, si besoin, signaler ces pressions à l’ inspection du travail . Si votre employeur lance malgré tout une procédure officielle, il devra prouver la faute devant les prud’hommes, ce qui est loin d’être automatique. En résumé : ne rien signer, rester en arrêt, refuser par écrit, dénoncer la pression, et vous faire accompagner juridiquement avant tout acte engageant. Question, avez vous déjà des traces concrètes de cette pression : mails, SMS, WhatsApp, messages vocaux, notes internes, comptes‑rendus d’entretien téléphonique ? Si oui, il faut absolument tout conserver : captures d’écran, sauvegarde des vocaux, sauvegarde des mails sur une adresse personnelle, impression papier. Si pas encore d’écrits, essaiyez à l’avenir de privilégier les échanges par mail/SMS plutôt que par téléphone, pour matérialiser ces pressions.","https://forum.juritravail.com/t/pression-pour-un-licenciement/2746"
2746,"Pression pour un licenciement","Alainverce","2026-01-19T13:10:20.790Z","Bonjour. Ici personne ne supprimera votre question. Votre employeur abuse de votre méconnaissance du droit. Par exemple il ne peut pas affirmer que l’ inspection du travail refusera toute rupture conventionnelle . Faites comme Math vous l’a conseillé. Ne cédez pas aux pressions mais répondez et gardez bien tout. Cdt.","https://forum.juritravail.com/t/pression-pour-un-licenciement/2746"
2746,"Pression pour un licenciement","DavidDenali","2026-01-19T13:36:15.124Z","Merci beaucoup pour cette réponse construite. Concernant les éventuelles preuves et notes écrites, j’en ai pas, tous s’est fait via des appels téléphoniques pour le moment. Désormais si il le faut, je peux enregistrer le prochains appel via enregistreur vocal. Ils m’ont dit que j’aurais mes indemnités de licenciement et mon droit au c h o m a g e, que tous cela sera noté et daté, aucun risque. Que cela ce fait beaucoup dans le monde du travail, en contournant légèrement. Qu’ils ne voient pas en quoi cela me dérange etc … Donc, si je vous écoute, tous cela est faux et sont des tentatives de manipulations ? Et concernant le fait qu’ils me signifie qu’ils vont regarder tous mes plannings, les retards répétés via la base de donnée etc.. n’aurait aucune incidence devant les prud’hommes si le juge leur dit ‘‘pourquoi vous n’avez jamais sanctionné les retards et autres manquements au travail durant presque 2 ans, et tolérer l’organisation du travail ?’’ Désolé si je me répète et que j’essaye d’avoir des précisions, c’est dans ma nature. Je me suis déjà rapproché de la CFDT de mon secteur, ainsi que d’une association bénévole en droit du t r a v a i l. Je les tiens au courant. J’ai déjà appelé l’inspection du t r a v a i l 2 fois, je vais les tenir au courant des avancements. Merci encore pour votre patience et pour toutes ces précisons. Ça m’aide beaucoup.","https://forum.juritravail.com/t/pression-pour-un-licenciement/2746"
2746,"Pression pour un licenciement","Math64","2026-01-19T13:39:19.035Z","Oui, ce qu’ils vous décrivent ressemble à une manœuvre pour « maquiller » une rupture voulue par l’employeur en licenciement prétendument fautif mais indemnisé, afin que vous acceptiez de partir sans contester et que France Travail ouvre vos droits sans poser de questions. Sur le papier, un licenciement pour faute grave ouvre bien droit au chômage , mais ce qui est problématique ici, c’est le côté « arrangement » et la pression exercée sur vous en arrêt maladie, qui peuvent être qualifiés de manquement à l’obligation de loyauté ou de harcèlement moral. En clair : Non, ils ne peuvent pas vous garantir « aucun risque », car ni l’employeur ni vous ne maîtrisez totalement le contrôle ultérieur de France Travail ou d’un juge sur la réalité de la faute ou sur un éventuel montage. Oui, leur discours du type « ça se fait beaucoup », « on contourne un peu », « vous aurez tout, ne vous inquiétez pas » est typique d’une tentative de vous rassurer pour que vous renonciez à vos protections légales et à toute contestation. Sur les « retards » et l’examen des plannings : en matière de faute grave , la jurisprudence rappelle que l’employeur doit réagir dans un délai restreint à partir du moment où il connaît les faits, car la faute grave est censée rendre impossible le maintien du salarié dans l’entreprise. Lorsqu’un employeur a toléré pendant des mois ou des années une organisation, des retards, sans avertissement ni sanction, il devient beaucoup plus difficile pour lui de faire reconnaître ensuite une faute grave devant les prud’hommes, et la faute est souvent requalifiée au mieux en cause réelle et sérieuse, voire en licenciement sans cause réelle et sérieuse. Sur l’enregistrement des prochains appels : la question est sensible. En matière civile et prud’homale, les juridictions admettent de plus en plus, sous conditions, des enregistrements réalisés à l’insu de l’autre partie lorsqu’ils sont indispensables à l’exercice du droit à la preuve et proportionnés au but poursuivi, mais cela reste un moyen de preuve discuté et potentiellement considéré comme déloyal. Il est donc préférable, si possible, de : privilégier les échanges écrits (mail, SMS) que vous conservez, ou, si vous enregistrez, le faire après avoir demandé conseil à un avocat ou à la CFDT, qui pourra apprécier l’opportunité et les risques. Votre réflexe de vous rapprocher d’un syndicat , d’une association et de l’ inspection du travail est excellent et vous protège. Dans votre situation, continuer à : ne rien signer, formaliser par écrit vos refus, signaler les pressions , et rester entouré juridiquement est la voie la plus prudente.","https://forum.juritravail.com/t/pression-pour-un-licenciement/2746"
2746,"Pression pour un licenciement","DavidDenali","2026-01-19T15:16:56.391Z","Je vois, j’ai envoyer un mail signifiant mon refus pour le rendez-vous de demain à 13h, et que tous devra être fait dans le cadre legal avec preuves écrites. En espérant qu’ils n’auront pas gains de causes avec d’éventuelles preuves annexes contre moi. Comme vous le dites cela semble compliqué surtout que jamais personne ne m’a sanctionné durant la totalité de mon contrat. Mais cela peut déstabiliser. C’est le cas. Oui je fais mon maximum de ce côté là, en me renseignant auprès de toutes ces aides possibles. La CFDT va m’appeler bientôt. Merci beaucoup en tout cas, je vous tiens au courant et on avance !","https://forum.juritravail.com/t/pression-pour-un-licenciement/2746"
2746,"Pression pour un licenciement","DavidDenali","2026-01-19T15:19:43.749Z","Merci du soutient ! Oui cela semble en être le cas, mais de mon côté, j’utilise tous ce qui est en mon pouvoir pour me défendre. Je vais me battre comme je peux. Cordialement","https://forum.juritravail.com/t/pression-pour-un-licenciement/2746"
2746,"Pression pour un licenciement","Alainverce","2026-01-21T08:30:59.493Z","Bonjour. J’insiste, mais vous devriez faire sans tarder un courrier RAR (qui fera foi) où vous listerez les propositions « malhonnêtes » qui vous ont été faites, les pressions répétées pour obtenir votre départ , les menaces non voilées de trouver des « fautes » (voire d’en inventer) et vous concluez en affirmant qu’il est hors de question pour vous de démissionner d’un emploi qui vous convient et hors de question d’accepter un licenciement pour supposée faute grave ou rupture conventionnelle non souhaitée. Après, il faut aussi peut-être vous poser la question du maintien dans l’entreprise dans un climat qui risque d’être éprouvant et du retentissement sur votre santé puisque vous dites que votre arrêt de travail fait suite à des problèmes physiques et mentaux liés à cet emploi. Dans ce cas une rupture conventionnelle , dans l’hypothèse ou vous pensez retrouver un emploi sans trop de problèmes, serait peut-être à examiner. N’oubliez pas qu’une procédure prud’homale peut être longue, éventuellement coûteuse ( avocat ) source de contrariétés, et au résultat non acquis d’avance, sachant qu’en plus vous n’avez que deux ans d’ancienneté. Voila, au dela de votre colère compréhensive il faut penser à tout cela. Cdt. Cdt.","https://forum.juritravail.com/t/pression-pour-un-licenciement/2746"
2746,"Pression pour un licenciement","DavidDenali","2026-01-21T10:37:35.057Z","Bonjour Alain, un courrier RAR récapitulant toute la chronologie des évènements? (appels téléphoniques indiquant leur moyens de pressions par le licenciement pour faute grave arrangé etc..). Cela ne risque pas de les énerver d’autant plus et de tuer définitivement le dialogue ? Ce courrier doit être envoyé au siège de mon l’entreprise ? Le problème, c’est que tous cela est indépendant de ma volonté. Depuis que je suis en arrêt c’est bien eux qui essayent de me dégager à leur manière. Moi je ne veux pas aller aux prud’hommes mais je ne peux pas accepter également leur solutions de licenciement.. Là j’ai refusé toutes leur approches, également le rendez-vous de mardi à 13h en présentiel ou il devait venir me donner les papiers de licenciements et RC. La CFDT de mon département suit l’ensemble du dossier, je les appels à chaque nouveautés. Je vais prendre rendez-vous avec un point justice du secteur pour avoir d’autres informations auprès d’un avocat ou juriste (gratuit). Là ils me répondent plus depuis que je leur ai signifier par mail que je souhaiterais désormais échanger uniquement par écris. Ils préparent sûrement une contre-attaque (listage d’éventuelles retards répétés dû à l’organisation, listage des plannings etc…). Je les connais, ils sont pas très net et dans une situation financière un peu catastrophique. Merci pour votre aide en tout cas !","https://forum.juritravail.com/t/pression-pour-un-licenciement/2746"
2746,"Pression pour un licenciement","Alainverce","2026-01-21T10:54:27.979Z","Mon collègue Math vous a donné des pistes, j’en ai rajouté, après c’est à vous de voir. Tout ce qui est notifié par écrit en RAR à une valeur de preuve qu’il ne faut pas négliger. Donc oui, rappel des coups de fil et autres. S’ils ne contestent pas vos propos en retour ce sera déjà un point pour vous. Après, vous ne voulez pas les énerver, voire pas aller aux Prud’hommes s’ils vous licencient, ça complique les solutions. Je vous l’ai dit dans mon dernier message il faut peser jusqu’où vous voulez aller. Sachant qu’ils ont décidé de se séparer de vous. Cdt.","https://forum.juritravail.com/t/pression-pour-un-licenciement/2746"
2746,"Pression pour un licenciement","DavidDenali","2026-01-21T11:19:58.689Z","D’accord. Je vais sûrement avoir un rendez-vous auprès d’un Point Justice du secteur. J’ai appelé le CDAD pour avoir un avocat gratuit pour m’aider dans les prochaines échéances. De mon côté je vais envoyer, comme vous dites, une lettre signalant l’ensemble de la chronologie. Je n’aurais pas cru devoir en arriver là alors que je me suis mis en arrêt pour la première fois. Le monde du travail est ainsi fait. Non c’est juste que je ne sais pas ce qu’il m’attend, mais j’irais jusqu’au bout s’il le faut, en espérant trouver un accord intéressant à l’amiable.","https://forum.juritravail.com/t/pression-pour-un-licenciement/2746"
2746,"Pression pour un licenciement","Math64","2026-01-21T20:21:09.418Z","Bonjour, Après, inutile de rencontrer 50 interlocuteurs. Oui, pour rencontrer un avocat /permanent juridique. Mais courir à toutes les portes ne vos renseigneras pas plus et épuisera vos interlocuteurs.","https://forum.juritravail.com/t/pression-pour-un-licenciement/2746"
2675,"Rupture conventionnelle / prud’homme","Vanem","2026-01-07T16:56:43.562Z","Bonjour, J’ai signé une rupture conventionnelle avec la société qui a racheté la société où je travaillais. Puis je les mettre au prud’homme suite à un litige avec mon employeur précédent. En vous remerciant. Cordialement","https://forum.juritravail.com/t/rupture-conventionnelle-prud-homme/2675"
2675,"Rupture conventionnelle / prud’homme","Math64","2026-01-07T20:33:09.519Z","Bonjour, Sauf transaction ou/et prescription, rien ne s’y oppose. Cordialement","https://forum.juritravail.com/t/rupture-conventionnelle-prud-homme/2675"
2659,"Rupture Conventionelle et dispense d'activitée rémunérée","Pierre_Delize","2026-01-05T09:39:12.578Z","Bonjour, J’ai débuté un contrat le 1er septembre 2025, je signe une rupture conventionnelle le 5 janvier pour une fin de contrat le 20 mars et j’ai une dispense d’activité rémunérée du 20 janvier au 20 mars. Est-ce que cela pose un problème dans les jours affiliés nécessaire pour Pole Emploi ou non ? Merci beaucoup !","https://forum.juritravail.com/t/rupture-conventionelle-et-dispense-dactivitee-remuneree/2659"
2659,"Rupture Conventionelle et dispense d'activitée rémunérée","milou27","2026-01-05T17:40:18.957Z","Bonjour Pierre La dispense d’activité qui sera rémunérée ne posera pas problème au niveau de la durée d’affiliation qui dans le cas d’espèce prendra fin à la date de rupture du contrat le 20 Mars et sera supérieure à 6 mois , ce qui permettra l’ouverture de droits au chômage indemnisé pendant 6 mois si vous n’avez pas occupé d’autre emploi au cours des 24 derniers mois (-de 55 ans )","https://forum.juritravail.com/t/rupture-conventionelle-et-dispense-dactivitee-remuneree/2659"
2469,"Comment protéger ses droits enceinte face à une rupture conventionnelle","Esonia","2025-11-25T13:11:57.986Z","Bonjour, Je suis enceinte de 4 mois. J’ai annoncé ma grossesse à mon employeur à la fin de mon 3eme mois suite à mon entretien annuel qui s’est mal passé. J’ai appris à ce moment qu’ils étaient mécontents de mon travail ( malgré le fait d’avoir fait mon travail ,en plus du travail d’un collaborateur que je suis censé avoir dans mon équipe, et après avoir travaillé soir et week end, ils ne m’ont pas attribué ma prim d’objectif au complet malgré avoir réalisé tous les objectifs). J’ai donc discuté avec les ressources humaines pour comprendre ce mécontentement et ils m’ont tout de suite proposé une rupture conventionnelle . J’avais prévu de faire mon congé mat et prendre le temps de réfléchir à ma situation après mon accouchement mais on me pousse à accepter la rupture pour partir au plus tôt ( le mois prochain) . Depuis cette proposition, j’ai eu beaucoup de stress, pleurs etc… Ma manager ne me met plus en copie des emails et ils cherchent toutes les excuses pour me faire partir vite ( ils me reprochent de donner des informations confidentielles autour de moi par ex.). Pourriez-vous me dire s’il y a des choses que je peux faire pour me protéger ? S’il faut aller au prud’hommes je suis prête à le faire car je suis mal depuis plus d’un mois et cela m’inquiète pour mon enfant ( je vais voir un psychologue pour m’aider) Merci d’avance Cordialement Sonia.","https://forum.juritravail.com/t/comment-proteger-ses-droits-enceinte-face-a-une-rupture-conventionnelle/2469"
2469,"Comment protéger ses droits enceinte face à une rupture conventionnelle","Alainverce","2025-11-25T15:01:51.734Z","Bonjour. Sachez que personne ne peut vous obliger à accepter et signer une rupture conventionnelle , c’est interdit (tout comme on ne peut vous obliger à démissionner ). Donc ne cédez pas, ne signez rien. Et surtout, faites un courrier RAR sans tarder, rappelant que vous êtes enceinte et que leur proposition de rupture conventionnelle n’a pas votre accord, que depuis que vous avez annoncé votre état ils inventent des critiques injustifiées sur votre travail pour obtenir votre départ et que vous n’êtes pas dupe. Non, en l’état actuel les Prud’hommes n’ont aucune compétence dans votre cas. Par contre je vous conseille vivement de vous tourner vers une permanence syndicale locale (c’est gratuit) qui vous aidera et vous conseillera pour ne pas vous faire avoir. Comme votre employeur sait qu’il ne peut pas vous licencier puisque vous êtes enceinte, il tente d’obtenir votre départ par d’autres moyens, rupture conventionnelle voire licenciement pour faute grave peut-être. Ne restez surtout pas seule, faites vous aider comme je vous l’ai conseillé. Cdt.","https://forum.juritravail.com/t/comment-proteger-ses-droits-enceinte-face-a-une-rupture-conventionnelle/2469"
2469,"Comment protéger ses droits enceinte face à une rupture conventionnelle","FD","2025-11-26T04:51:06.224Z","Bonjour, Alainverce a totalement raison. Vous ne devez pas rester seule dans ces moment là. Une dépression ou un burn-out est si vite arrivé. Personne ne doit dégrader votre état de santé mental et encore moins physique, surtout en cette période qui doit vous apporter bien-être et bonheur. Cordialement.","https://forum.juritravail.com/t/comment-proteger-ses-droits-enceinte-face-a-une-rupture-conventionnelle/2469"
2426,"Peut-on rompre le contrat si l’employeur ne respecte pas les termes initiaux","Christophe","2025-11-14T14:26:06.372Z","Bonjour, Suite à la reprise de mon contrat par avenant une autre société. Cette dernière a bien stipulé que le transfert est réalisé dans les mêmes conditions qui figure dans le contrat initial, à savoir une durée annuelle minimal de travail de 550 heures pour une année pleine comptant au moins 180 jours de travail, ce qui correspond sans les congés des enfants scolarisés. Hors, ces derniers nous indiquent que les heures rémunérées sont annualisées et que le calcul des heures payées, se fait sur 650 heures, donc 264 jours, ce qui correspond à une année scolaire pleine avec les congés des enfants. Peut-on demandé une rupture conventionnelle ou un licenciement au tort de l’entreprise car celle-ci ne correspond pas au contrat signé ?","https://forum.juritravail.com/t/peut-on-rompre-le-contrat-si-l-employeur-ne-respecte-pas-les-termes-initiaux/2426"
2426,"Peut-on rompre le contrat si l’employeur ne respecte pas les termes initiaux","FD","2025-11-25T04:53:15.242Z","Bonjour, En cas de manquement de l’employeur à ses obligations, tout salarié peut alors intenter une action en prise d’acte de rupture du contrat ou de résiliation judiciaire du contrat de travail devant le juge prud’homal et ainsi voir prononcer la rupture du contrat de travail aux torts exclusifs de l’employeur. Pour cela il faudra vous adjoindre l’aide d’un avocat spécialisé. Quant à la demande de rupture conventionnelle , tout salarié peut la demander, à voir si l’employeur l’accepte. Cordialement.","https://forum.juritravail.com/t/peut-on-rompre-le-contrat-si-l-employeur-ne-respecte-pas-les-termes-initiaux/2426"
2398,"Rupture conventionnelle forcée après 8 mois — poste partenariats stratégiques (Île-de-France)","jesuismoi","2025-11-05T17:29:28.027Z","Bonjour à tous, Je me permets de poster ici pour avoir vos conseils juridiques et pratiques sur ma situation actuelle. Je travaille en Île-de-France, dans une entreprise logiciel B2B appartenant à un grand groupe international. J’occupe depuis mars 2025 un poste de cadre, département sales. La direction m’a récemment verbalement informé qu’en raison : de la masse salariale jugée trop élevée, et du manque de signatures de contrats, le groupe souhaitait “trouver un accord à l’amiable”. Mon directeur assiste à la majorité de mes rendez-vous clients/partenaires et confirme mon investissement et mon sérieux. Je précise aussi que les difficultés commerciales sont globales : même l’équipe de vente directe n’a signé qu’un seul contrat cette année. Par ailleurs, dans une présentation interne officielle, la direction reconnaît noir sur blanc que l’échec du business plan vient de causes structurelles (stratégie, produit, modèle économique, gouvernance), et non d’un manque de performance individuelle. Aujourd’hui, la RH me propose une rupture conventionnelle avec le minimum légal, ce que je trouve injuste compte tenu du contexte et de mon investissement. Je n’ai commis aucune faute, et j’ai toujours exécuté mes missions dans les règles. J’aimerais aussi avoir vos avis sur : Mes droits réels dans ce contexte (puis-je refuser la rupture sans risquer un licenciement abusif ?) Les marges de négociation possibles sur l’indemnité (combien de mois de salaire brut peuvent être raisonnablement demandés dans ce cas ?) La stratégie à adopter pour ne pas me retrouver sous pression ou dans un “piège à la signature”. S’il y a des avocats du droit du travail par ici qui sont prêts à m’aider, je suis prêt à collaborer avec vous. Merci beaucoup pour vos retours et vos conseils. Je reste à disposition si des précisions sont nécessaires. Bien cordialement","https://forum.juritravail.com/t/rupture-conventionnelle-forcee-apres-8-mois-poste-partenariats-strategiques-ile-de-france/2398"
2398,"Rupture conventionnelle forcée après 8 mois — poste partenariats stratégiques (Île-de-France)","FD","2025-11-06T04:57:37.832Z","Bonjour, Ayant moins d’un an d’ancienneté, il y a peu de marge pour la négociation. Déjà dans l’absolu, vous ne toucherez pas grand chose d’indemnité pour la rupture de contrat . C’est un licenciement à bas prix pour l’employeur. Mais qui ne tente rien,…Pour huit mois d’ancienneté vous pouvez pousser à 01 an. Rien ne vous oblige à accepter ce mode de rupture, s’il y a perte de marché ou autre l’entreprise pourrait licencier au motif économique. Ce qui pour vous ne changerai pas grand chose en bien des termes ( indemnité de licenciement , prise en charge par France travail et aucun pouvoir de négociation). Mener le débat est une force comme stratégie. De plus épaulé par des avocats , cela ne peut être que productif. Cordialement.","https://forum.juritravail.com/t/rupture-conventionnelle-forcee-apres-8-mois-poste-partenariats-strategiques-ile-de-france/2398"
2398,"Rupture conventionnelle forcée après 8 mois — poste partenariats stratégiques (Île-de-France)","Alainverce","2025-11-06T08:18:14.001Z","Bonjour. Même réponse que FB. Votre peu d’ancienneté limite la marge de négociation mais vous pouvez tenter d’avoir plus que le minimum légal, sachant que personne ne peut vous obliger à signer une rupture conventionnelle . Toutefois, le fait qu’on vous ait fait cette proposition oralement peut parfois cacher des volontés moins franches, donc moi je vous conseille d’acter cette proposition par un courrier RAR précisant (à vous d’adapter): "" … je fais suite à la proposition orale de rupture conventionnelle proposée par M … le … me concernant. En réponse, et bien que n’étant pas demandeur de quitter un emploi qui me convient, je vous remercie de me faire savoir en retour quelles conditions exactes vous proposeriez pour cette rupture."" Cdt.","https://forum.juritravail.com/t/rupture-conventionnelle-forcee-apres-8-mois-poste-partenariats-strategiques-ile-de-france/2398"
2398,"Rupture conventionnelle forcée après 8 mois — poste partenariats stratégiques (Île-de-France)","Refu23","2025-11-17T09:07:22.241Z","Bonjour, Vous pouvez être accompagné d’un représentant du personnel lors des entretiens de négociation de rupture conventionnelle .","https://forum.juritravail.com/t/rupture-conventionnelle-forcee-apres-8-mois-poste-partenariats-strategiques-ile-de-france/2398"
2016,"Rupture conventionnelle et allocation chomage","Codie","2025-09-03T11:59:53.636Z","Bonjour, Je travaille dans la fonction publique hospitalière, et j’ai 55 ans et demi. Je souhaite faire une rupture conventionnelle avec mon employeur et je souhaite connaitre la durée de l’indemnisation par France emploi en 2025. Je remercie par avance toutes personnes répondant à ma demande. Bonne journée. Cordialement. Codie","https://forum.juritravail.com/t/rupture-conventionnelle-et-allocation-chomage/2016"
2016,"Rupture conventionnelle et allocation chomage","milou27","2025-09-03T15:16:18.253Z","Bonjour Extrait de la règlementation de l’assurance chomage : ""Compte tenu de l’application du coefficient 0,75, les durées maximales pouvant être notifiées lors de l’ouverture de droits (ou du rechargement) sont les suivantes :  pour les salariés d’au moins 55 ans et de moins de 57 ans à la date de leur fin de contrat de travail, 685 jours calendaires (913 x 0,75 arrondi à l’entier supérieur), soit 22,5 mois","https://forum.juritravail.com/t/rupture-conventionnelle-et-allocation-chomage/2016"
2016,"Rupture conventionnelle et allocation chomage","Codie","2025-09-04T06:11:47.321Z","Bonjour, Je vous remercie pour votre réponse. Maintenant je souhaite savoir pourquoi sur le site de France emploi il est indiqué 36 mois de chômage et idem sur d’autres sites. Merci d’avance pour votre réponse. Codie","https://forum.juritravail.com/t/rupture-conventionnelle-et-allocation-chomage/2016"
2016,"Rupture conventionnelle et allocation chomage","milou27","2025-09-05T08:37:21.150Z","Bonjour Pour cette durée de 36 mois , Je vous invite à lire la documentation Pages 100 et suivantes de la circulaire : PRE-CIRC-Circulaire_n_2025-03_du_1er_avril_2025_uid_67f53cc00a07f.pdf (un peu compliqué à comprendre !) En fait , la durée indiquée de 22,5 mois est erronée ! La bonne durée : 913 jours calendaires (2 ans et demi) pour les salariés âgés d’au moins 55 ans et de moins de 57 ans à la date de fin de leur contrat de travail, sous réserve de l’allongement senior dont ils peuvent bénéficier au titre d’une formation, permettant de porter cette durée à 1050 jours maximum (voir point 4) ;","https://forum.juritravail.com/t/rupture-conventionnelle-et-allocation-chomage/2016"
2010,"Prime Macron après rupture conventionnelle","Pascal13","2025-09-03T06:33:14.650Z","Bonjour/ bonsoir à toutes et tous ! Merci d’avance de vos futures réponses et de votre temps. J’ai quitté mon entreprise en commun d’accord par une rupture conventionnelle ce 22 août. aujourd’hui une de mes anciennes collègues m’a dit qu’ils ont touchés la prime Macron sur leur salaire d’août (payé en septembre). Ma question est donc la suivante: suis-je en droit de demander la prime Macron à mon ancien employeur ? Ayant quitté l’entreprise le 22 août via une rupture co et que celle-ci a été attribuée ( prime Macron) à mes anciens collègues. En vous remerciant par avance","https://forum.juritravail.com/t/prime-macron-apres-rupture-conventionnelle/2010"
2010,"Prime Macron après rupture conventionnelle","carole.bony","2025-09-03T06:35:05.152Z","Bonjour @Pascal13 , Merci pour votre question. En attendant les réponses des membres du forum, vous pouvez consulter cet article sur la prime Macron : PPV 2025 (ex-prime Macron) : conditions, montants et modalités de versement Nos juristes ont également rédigé ce dossier dédié aux primes .","https://forum.juritravail.com/t/prime-macron-apres-rupture-conventionnelle/2010"
2010,"Prime Macron après rupture conventionnelle","FD","2025-09-04T03:50:32.910Z","Bonjour, La prime Macron est une prime facultative, dont le versement est conditionné par une décision de l’employeur ou d’un accord d’entreprise . Le seul critère autorisé pour exclure une partie des salariés est la détermination d’un plafond de rémunération Cette prime vous est de ce fait due Voyez soit avec une aide juridique de proximité de type maison de la justice, ou d’une organisation syndicale de votre choix dans votre département afin de rédiger votre demande afin d’éviter au maximum que l’employeur tente de vous gruger. Un avocat vous couterai de l’argent. Cordialement.","https://forum.juritravail.com/t/prime-macron-apres-rupture-conventionnelle/2010"
2010,"Prime Macron après rupture conventionnelle","Pascal13","2025-09-04T09:54:50.858Z","Bonjour, c’est une très bonne nouvelle et je me disais bien que je pouvais en bénéficier. Merci de votre réponse !","https://forum.juritravail.com/t/prime-macron-apres-rupture-conventionnelle/2010"
2010,"Prime Macron après rupture conventionnelle","Math64","2025-09-04T17:27:09.566Z","Bonsoir, Vous pouvez la réclamer uniquement si, dans votre entreprise, les règles de versement de la « prime Macron » (aujourd’hui prime de partage de la valeur – PPV) vous y ouvraient droit au 22 août, date de votre départ. En pratique, tout se joue sur le texte qui l’a instaurée (accord collectif ou décision unilatérale) : c’est lui qui fixe les bénéficiaires, les conditions de présence et une éventuelle proratisation. L’employeur doit respecter ces règles telles qu’elles sont écrites, sans en ajouter d’autres ni en retrancher (obligation de conformité aux conditions d’attribution prévues par l’accord/la convention) . Pour mémoire, la PPV a remplacé l’ancienne prime exceptionnelle de pouvoir d’achat (dite « Macron ») et peut être versée plusieurs fois dans l’année selon la loi de 2023, mais toujours selon des conditions définies dans l’entreprise . Deux situations typiques : • Si le texte exige d’être présent à une date donnée (ex. : au jour du versement ou au 31/08), un départ le 22/08 ferme en principe le droit, y compris « au prorata ». La Cour de cassation valide ces clauses de présence lorsqu’elles sont expresses : un salarié parti avant l’échéance ne peut pas prétendre à la prime , même partiellement ; lorsqu’une gratification est conditionnée à la présence le jour du versement, l’absence ce jour-là suffit à la priver . • À l’inverse, si la prime rémunère une période d’activité ( prime « de rémunération ») et n’est pas légalement liée à une condition de présence au jour du versement, elle s’acquiert au prorata du temps de présence et ne peut pas être subordonnée à une présence à une date postérieure à son échéance . Exemple : une prime annuelle prévue « prorata temporis » est due même si le salarié n’est plus dans les effectifs au 31 décembre, faute de condition de présence spécifique . À l’inverse, sans clause ni usage prévoyant un prorata, un salarié quittant l’entreprise avant la date de versement d’une prime périodique n’y a pas droit par défaut . Dans votre cas, il manque donc une information clé : le texte (accord ou décision unilatérale) qui a institué la PPV en 2025 dans votre entreprise. C’est ce document qui dira si la présence au jour du versement était exigée, si la prime était modulée selon la durée de présence, ou si un prorata était prévu. Demandez-en copie (vous y avez droit en tant qu’intéressée par un élément de rémunération) et vérifiez : 1) l’existence d’une condition de présence à une date précise ; 2) l’éventuelle clause de proratisation ; 3) la date d’exigibilité/versement. L’employeur ne peut ni durcir ni assouplir unilatéralement ces conditions par une simple note si un accord les encadre . En résumé : si la PPV dans votre entreprise était conditionnée à la présence au jour du versement (ou à une date postérieure à votre départ), vous ne pourrez pas l’exiger ; si elle rémunérait une période d’activité sans condition de présence à l’échéance, un versement prorata temporis jusqu’au 22 août peut être revendiqué sur la base de la jurisprudence rappelée ci-dessus.","https://forum.juritravail.com/t/prime-macron-apres-rupture-conventionnelle/2010"
2010,"Prime Macron après rupture conventionnelle","Pascal13","2025-09-05T12:53:06.666Z","Bonjour, merci beaucoup pour cette réponse plus que détaillée et me permet de mieux comprendre la situation dans lequel je suis et les informations dont j’ai besoin. Merci de votre retour très constructif! Je vais me renseigner afin de voir si je suis donc éligible. En vous souhaitant une belle journée","https://forum.juritravail.com/t/prime-macron-apres-rupture-conventionnelle/2010"
1993,"Double démission pour motif légitime pacs déménagement","Eriahd","2025-09-01T06:18:53.847Z","Bonjour à tous et toutes, Mon conjoint et moi-même travaillons dans la même entreprise depuis 5 ans, en CDI . Suite à des raisons familiales, nous souhaitons changer de département et donc quitter nos postes. Nous visons bien sûr une rupture conventionnelle si possible. Mais dans le cas contraire, est-ce possible de bénéficier d’une démission pour motif légitime si nous nous pacsons dans les délais requis et déménageons ? Merci pour toute l’aide que vous apporterez !","https://forum.juritravail.com/t/double-demission-pour-motif-legitime-pacs-demenagement/1993"
1993,"Double démission pour motif légitime pacs déménagement","FD","2025-09-02T04:27:16.860Z","Bonjour, Votre démission peut être légitime en raison de la signature d’un Pacs , lorsque celui-ci entraîne un déménagement. Votre nouvelle adresse ne doit pas vous permettre de conserver votre activité professionnelle. Pour rappel: Moins de 2 mois doivent s’écouler entre la date du Pacs et la date de la démission ou de la fin du contrat de travail (peu importe que le Pacs soit conclu avant ou après la démission ). Avant de démissionner , vérifiez bien que vous remplissez toutes les conditions pour être éligible à France travail. Cordialement.","https://forum.juritravail.com/t/double-demission-pour-motif-legitime-pacs-demenagement/1993"
1993,"Double démission pour motif légitime pacs déménagement","milou27","2025-09-02T05:53:36.446Z","Bonjour Selon moi, comme vous vivez déjà ensemble au même domicile depuis un certain temps le fait de vous pacser ne rendra pas légitime la démission de l’un et l’autre pour allez habiter dans un autre département Pour que la démission de l’un des conjoints soit légitime , Il faut que l’un de vous deux reprenne un emploi dans l’autre département puis que l’autre démissionne pour rejoindre son conjoint -sa démission sera alors légitime (pas besoin de se pacser pour cela)","https://forum.juritravail.com/t/double-demission-pour-motif-legitime-pacs-demenagement/1993"
1993,"Double démission pour motif légitime pacs déménagement","Eriahd","2025-09-02T07:14:08.086Z","Bonjour, Merci beaucoup d’avoir pris le temps de répondre à cette question. Je me permets d’apporter une précision : le déménagement est aussi du au fait que mon conjoint récupère la propriété d’une petite maison suite à un décès dans sa famille. Nous changeons donc de département par “nécessité” et souhaitons nous pacser avant de nous investir tous les deux dans cette maison. Je ne sais pas si cela change les choses parce qu’effectivement votre point est pertinent. Merci encore !","https://forum.juritravail.com/t/double-demission-pour-motif-legitime-pacs-demenagement/1993"
1993,"Double démission pour motif légitime pacs déménagement","milou27","2025-09-02T08:19:39.048Z","Les précisions que vous apportez ne changeront rien à ce que j’ai dit précédemment y compris en vous pacsant prochainement puisqu’en vivant ensemble depuis plusieurs années au même domicile, France travail vous assimilera à des conjoints de fait (ni mariés ni pacsés) ce qui rendrait non légitime la démission de l’un et l’autre pour allez vivre sur le lieu de votre choix puisque sans reprise d’emploi effective de l’un des conjoints VOIR les textes : TXT-ACC-APP-AccAppl14ACh17.pdf c) du salarié qui rompt son contrat de travail pour suivre son conjoint qui change de lieu de résidence pour exercer un nouvel emploi, salarié ou non salarié. Le nouvel emploi peut notamment : • être occupé à la suite d’une mutation au sein d’une entreprise ; • être la conséquence d’un changement d’employeur décidé par l’intéressé ; • correspondre à l’entrée dans une nouvelle entreprise par un travailleur qui était antérieurement privé d’activité ;","https://forum.juritravail.com/t/double-demission-pour-motif-legitime-pacs-demenagement/1993"
1791,"Ma compagne Roumaine, qui a travaillé 9.5 en Angleterre, et va ma rejoindre, a le droit aux aides de France Travail ?","INT69","2025-08-07T06:17:57.060Z","Bonjour, Ma compagne roumaine, qui est actuellement en Angleterre depuis 9.5 ans et y travaille depuis ce temps va rompre son CDI pour me rejoindre en France. Nous ne sommes pas mariés. Je me suis renseigné sur France Travail et s’il y a rupture de contrat , elle ne peut pas toucher d’indemnités le temps de trouver un travail ici. Je n’ai pas l’impression qu’en Angleterre, ils ont le système de rupture conventionnelle comme en France. Si son employeur fait une sorte d’attestation disant qu’elle ne travaille plus pour eux suite à un déménagement, est-ce suffisant ? (Ils ont ce qu’ils appellent un “settlement agreement” mais c’est dans des cas de litiges pour ne pas aller en justice). Ou il y a t il une autre solution pour qu’elle puisse prétendre à toucher ces aides ? Merci","https://forum.juritravail.com/t/ma-compagne-roumaine-qui-a-travaille-9-5-en-angleterre-et-va-ma-rejoindre-a-le-droit-aux-aides-de-france-travail/1791"
1791,"Ma compagne Roumaine, qui a travaillé 9.5 en Angleterre, et va ma rejoindre, a le droit aux aides de France Travail ?","amatjuris","2025-08-07T14:32:30.100Z","bonjour, Bonjour, le site france travail indique: Les périodes de travail accomplies au Royaume-Uni sont-elles prises en compte par France travail ? Oui, quelle que soit votre nationalité, les périodes de travail accomplies au Royaume-Uni pourront être prises en compte pour le calcul de vos droits à l’assurance chômage en France. C’est ce qu’on appelle la « totalisation des périodes d’emploi » pour l’ouverture d’un droit aux prestations de chômage . Il faut pour cela que vous ayez travaillé en dernier lieu en France. QUELLES SONT LES DÉMARCHES À ACCOMPLIR ? Avant votre départ du Royaume-Uni : pensez à demander le document portable U1 à l’institution compétente britannique. Ce formulaire récapitule les périodes d’assurance ou d’emploi accomplies sur le territoire britannique. Il permet la prise en compte de ces périodes pour le calcul de vos droits à l’allocation chômage par France Travail une fois de retour en France.· A votre retour en France : inscrivez-vous comme demandeur d’emploi, en ligne, sur le site de francetravail.fr, suite à la perte de votre emploi, votre compagne remplit-elle la condition d’avoir travaillé en dernier lieu en France ? Salutations","https://forum.juritravail.com/t/ma-compagne-roumaine-qui-a-travaille-9-5-en-angleterre-et-va-ma-rejoindre-a-le-droit-aux-aides-de-france-travail/1791"
1791,"Ma compagne Roumaine, qui a travaillé 9.5 en Angleterre, et va ma rejoindre, a le droit aux aides de France Travail ?","milou27","2025-08-09T16:31:07.536Z","Bonjour INT69 Pour ma part , je ne pense pas qu’une attestation mentionnant que "" votre compagne ne travaille plus pour eux suite à déménagement"" soit assimilée par France travail à une perte involontaire d’emploi ouvrant droit au chômage indemnisé Ils assimileront cette perte d’emploi à une démlssion qui la privera de droits au chomage De plus pour ouvrit des droits au chomage en France , il faut que votre compagne de nationalité Roumaine ait une autorisation de travail en France puisque tout demandeur d’emploi inscrit à France travail (indemnisé ou non) doit être en capacité de reprendre un emploi VOIR : Autorisation de travail d’un salarié étranger en France | Service-Public.fr","https://forum.juritravail.com/t/ma-compagne-roumaine-qui-a-travaille-9-5-en-angleterre-et-va-ma-rejoindre-a-le-droit-aux-aides-de-france-travail/1791"
150,"Indemnités chômage après congé parental","Cess","2017-02-07T18:28:48.000Z","Bonjour, Je suis actuellement en congé parental depuis le 1er décembre 2016, je souhaiterai l'arrêter pour faire une rupture conventionnelle et me mettre au chômage . Sur quelle période pôle emploi se base pour mes indemnités? Mes salaires à 100% ou le montant de mon congé parental rentre en compte? Merci d'avance Cordialement","https://forum.juritravail.com/t/indemnites-chomage-apres-conge-parental/150"
150,"Indemnités chômage après congé parental","milou27","2017-02-07T18:55:47.000Z","Bonjour, Si vous êtes en congé parental total et pour calculer le montant de votre indemnisation , Pole emploi se basera sur les salaires bruts perçus au cours des 12 derniers mois précédant votre congé parental; Si vous avez pris un congé parental partiel et si vous percevez le PreParE , pole emploi se basera sur les salaires des 12 derniers mois précédant le dernier jour travaillé (temps partiel + temps plein ) Durée d'indemnsiation : 24 mois","https://forum.juritravail.com/t/indemnites-chomage-apres-conge-parental/150"
150,"Indemnités chômage après congé parental","Cess","2017-02-07T19:20:59.000Z","Merci de votre réponse rapide. Je suis en congé parental total, je perçois les 390? de PreParE par mois. Du coup les mois ou j'ai perçu que la PreParE ne seront pas pris dans le calcul de pôle emploi? Désolée de toute ces questions c'est mon premier enfant (premier congé parental) et c'est mon premier emploi aussi (ancienneté 9ans)","https://forum.juritravail.com/t/indemnites-chomage-apres-conge-parental/150"
150,"Indemnités chômage après congé parental","milou27","2017-02-07T19:50:02.000Z","Pas de problème . Seuls les salaires des 12 derniers mois précédant le dernier jour travaillé seront pris en compte (c'est la règle pour tout le monde) et c'est tant mieux pour vous puisque vous ne serez pas pénalisée et la durée d'indemnisation reste la même, , congé parental ou pas Les jeunes mamans pénalisées sont celles qui prennent un congé parental partiel puisque leur indemnisation est calculée d'après les salaires temps partiel et non à temps plein","https://forum.juritravail.com/t/indemnites-chomage-apres-conge-parental/150"
150,"Indemnités chômage après congé parental","Cess","2017-02-07T20:29:30.000Z","Merci beaucoup pour tous ces éclairements.","https://forum.juritravail.com/t/indemnites-chomage-apres-conge-parental/150"
150,"Indemnités chômage après congé parental","Cess","2017-02-07T22:10:07.000Z","Et comme j'ai deux mois de préavis, ma période de congé parental sera prise en compte dans le calcul de pôle emploi? Vu que mon dernier jour travaillé serai après le congé parental,comment je peut faire?","https://forum.juritravail.com/t/indemnites-chomage-apres-conge-parental/150"
150,"Indemnités chômage après congé parental","milou27","2017-02-08T06:32:31.000Z","Ce n'est pas un problème Pole emploi prendra en compte les salaires des 12 derniers mois en excluant du calcul la période en congé parental. En fait, le calcul du salaire journalier de référence (SJR) qui sert à calculer le montant de l'indemnisation est fonction du nombre jours d'affiliation dans la période de référence ((les 12 derniers mois) Exemple : salaire global de 15000F Euros sur les 12 derniers mois dont 2 mois de congé parental SJR : 150000/ (365 - 60jours) : 49,18 Euros De ce fait , peu importe la durée de la période sans revenus (congé parental ou tout autre absence justifiée ou non ) puisque le diviseur applicable est fonction du nombre jours calendaires compris dans la période de référence (celle ou le salarié cotise à l'assurance chomage)","https://forum.juritravail.com/t/indemnites-chomage-apres-conge-parental/150"
150,"Indemnités chômage après congé parental","Cess","2017-02-08T08:31:01.000Z","Merci beaucoup","https://forum.juritravail.com/t/indemnites-chomage-apres-conge-parental/150"
150,"Indemnités chômage après congé parental","Josy-Anne","2018-02-09T15:37:58.000Z","Bonjour. Je profite du sujet pour la même question sur un congès parental à temps partiel pendant 2 ans : comment est calculée l’ARE? Sur les 12 derniers mois (avec un salaire diminué de 20%)? Sur le salaire précédant le conges parental ? Merci d’avance pour vos réponses","https://forum.juritravail.com/t/indemnites-chomage-apres-conge-parental/150"
150,"Indemnités chômage après congé parental","milou27","2018-02-09T16:06:41.000Z","Bonjour, L""ARE est systématiquement calculée d'après les salaires à temps partiel notammment si vous êtes succeptioble de percevoir l'allocation PréParE. . Votre contrat a été rompu pour quel motif ?","https://forum.juritravail.com/t/indemnites-chomage-apres-conge-parental/150"
150,"Indemnités chômage après congé parental","Josy-Anne","2018-02-11T20:58:26.000Z","C’est une rupture pendant une période d’essai pour un CDI (après démission d’un autre CDI pour le nouveau poste)","https://forum.juritravail.com/t/indemnites-chomage-apres-conge-parental/150"
150,"Indemnités chômage après congé parental","milou27","2018-02-12T06:38:27.000Z","Pourriez-vous indiquer les dates (début et fin) de chaque contrat + dates congé parental","https://forum.juritravail.com/t/indemnites-chomage-apres-conge-parental/150"
150,"Indemnités chômage après congé parental","Didine1986","2018-04-04T15:05:54.000Z","Bonjour, Merci à vous de lancer ce sujet un peu compliquer à comprendre ! Je suis moi même dans une situation où à la suite de la naissance de mon 2ième enfant (en 2015) j'ai pris un congé parental de 2 ans. Pendant ce congé parental je suis tombe enceinte de mon 3ième enfant et qui par le hasard mon congé maternité tombait juste à la fin de mon congé parental. Je suis en congé maternité jusqu'en mai 2018. Aujourd'hui la question que je me pose est de savoir si je poursuit avec de nouveau un congé parental ou je demande à mon employeur (je suis en CDI depuis 2011) une rupture conventionnelle et je me mets au chômage. Les indemnités pôle emploi vont prendre en compte mes salaires de 2015 (les 12 derniers mois avant mon congé parental) ou vont inclure mon 3ième congé maternité et mon congé parental? Aujourd'hui il est plus prudent d'être en congé parental ou au chômage? Je vous remercie pour vos réponses ! Didine","https://forum.juritravail.com/t/indemnites-chomage-apres-conge-parental/150"
150,"Indemnités chômage après congé parental","milou27","2018-04-04T17:56:52.000Z","Bonjour, Si vous avez pris un congé parental total , votre indemnisation sera calculée sur la base des salaires bruts perçus au cours des 12 derniers mois précédant le dernier jour travaillé et payé - donc d'après les salaires perçus avant le congé maternité qui a précédé le congé parental (2015 ou 2016). . Durée d'indemnsiation : 24 mois . Le congé maternité et parental sont assimilés à une période d'affiliation à l'assurance chomage (comme si vous aviez trvaillé) . Je ne peux pas vous dire ce qui est le plus intéressant mais il ne faut pas oublier que le demandeur d'emploi est censé rechercher activement un emploi et justifier de ses recherches auprès de Pole emploi qui va certainement intensifier ses controles dans les mois à venir","https://forum.juritravail.com/t/indemnites-chomage-apres-conge-parental/150"
150,"Indemnités chômage après congé parental","Didine1986","2018-04-05T14:50:27.000Z","Bonjour Milou27, Tout d'abord, merci pour votre retour et vos explications. Effectivement, c'est ce qui me fait un peu ""peur"" en me mettant au chômage ce sont les contrôles et les risques qui vont avec. Autre question: l'employeur ne peut pas refuser un second congé parental? Merci encore pour votre retour. Bien à vous. Didine","https://forum.juritravail.com/t/indemnites-chomage-apres-conge-parental/150"
150,"Indemnités chômage après congé parental","milou27","2018-04-05T18:24:33.000Z","L'employeur ne peut pas refuser un autre congé parental pour votre 3eme enfant. . VOIR : /particuliers/vosdroits/F2280","https://forum.juritravail.com/t/indemnites-chomage-apres-conge-parental/150"
150,"Indemnités chômage après congé parental","Didine1986","2018-04-05T18:48:57.000Z","Encore un grand merci pour vos réponses. Bien à vous. Amandine","https://forum.juritravail.com/t/indemnites-chomage-apres-conge-parental/150"
150,"Indemnités chômage après congé parental","Kathy33","2018-04-24T00:57:13.000Z","Bonjour, Je profite de ce sujet car je suis dans un cas de figure similaire bien qu’un peu particulier. J’ai été en congé parental pendant 6 ans en continu, puis en congé maternité pendant 2 mois, puis de nouveau en congé parental pendant 3 ans. À l’issue de ce dernier congé parental , j’ai trouvé un accord avec mon employeur pour être licenciée car je ne pouvais pas reprendre mon travail (déménagement à plus de 700 km pour suivre mon conjoint). En me présentant à Pôle Emploi, on me rétorque que je ne peux pas prétendre à une indemnité chômage car je n’ai pas travaillé 4 mois dans les 28 derniers mois précédant le dernier jour travaillé et payé. C’est vrai « sur le papier » avec ces 2 mois de congé maternité payés. Je pensais que le congé parental était interprété comme une suspension du contrat de travail et donc une suspension de périodes potentiellement travaillées pour Pôle Emploi. Est-ce que mon conseiller bluffe ou ne connaît pas bien la loi ? Ma question porte donc sur le droit à indemnisation plus que sur le calcul de l’indemnité. Merci beaucoup pour vos conseils précieux. Cordialement, Kathy.","https://forum.juritravail.com/t/indemnites-chomage-apres-conge-parental/150"
150,"Indemnités chômage après congé parental","milou27","2018-04-24T06:38:53.000Z","Bonjour, Je confirme que les divers congés (maternité, parental) sont assimilés à des périodes d'affiliation (travaillées) Vous avez donc droit à 24 mois d'indemnisation et celle-ci sera calculée d'après les salaires bruts perçus au cours des 12 derniers mois précédant le dernier jour travaillé. VOIR : page 4 et 5 : /sites/default/files/circulaires/PRE-CIRC-Ci2017-20_pdf Aucun problème .","https://forum.juritravail.com/t/indemnites-chomage-apres-conge-parental/150"
150,"Indemnités chômage après congé parental","Kathy33","2018-04-24T10:11:17.000Z","Bonjour Milou27, Merci beaucoup pour l'information. C'est rassurant pour moi, et peu rassurant concernant la compétence de certains conseillers. Je trouve effectiovement écrit dans le document de l'Unedic: "" 1.2.2.2.1 Modalités de décompte en présence de périodes de suspension du contrat de travail Selon l'article 3 § 3 du règlement général, les périodes de suspension du contrat de travail qui sont rémunérées ou indemnisées peuvent être regardées comme des périodes d?emploi. En conséquence, elles sont retenues au titre de la durée d?affiliation selon les modalités de décompte des jours visées au point précédent. Ainsi, les périodes de maladie, de congé parental d'éducation , de congé individuel de formation ou autres, qui sont à l'origine d'une suspension du contrat de travail, sont retenues pour la recherche de la condition d'affiliation ."" Très bonne journée, Kathy","https://forum.juritravail.com/t/indemnites-chomage-apres-conge-parental/150"
